pair,pinbar_thresh,bb_sigma,sl_atr,tp_atr,train_pf,train_wr,train_trades,train_dd,test_pf,test_wr,test_trades,test_dd,all_pf,all_wr,all_trades,all_dd
USDJPY,0.4000,1.5000,1.5000,2.0000,0.8996,0.3901,687,6.9477,0.8433,0.3965,459,4.8553,0.8802,0.3927,1146,9.2717
USDJPY,0.4000,1.5000,1.0000,2.5000,0.7569,0.2285,687,9.8070,0.7641,0.2375,459,5.6395,0.7594,0.2321,1146,14.8278
USDJPY,0.4000,1.5000,1.5000,3.0000,0.7721,0.2838,687,12.2585,0.9202,0.3290,459,3.6868,0.8209,0.3019,1146,15.2131
USDJPY,0.4000,1.8000,1.5000,2.0000,0.9690,0.4040,349,3.2618,0.9307,0.4163,233,1.6137,0.9557,0.4089,582,3.2618
USDJPY,0.4000,1.8000,1.0000,2.5000,0.7555,0.2235,349,5.2636,0.8920,0.2661,233,1.8156,0.8006,0.2405,582,6.4853
USDJPY,0.4000,1.8000,1.5000,3.0000,0.7429,0.2751,349,6.9334,1.0640,0.3605,233,1.1527,0.8453,0.3093,582,7.8091
USDJPY,0.4000,2.0000,1.5000,2.0000,1.0726,0.4183,208,1.9155,0.9226,0.4000,140,1.2281,1.0174,0.4109,348,1.9155
USDJPY,0.4000,2.0000,1.0000,2.5000,0.8218,0.2356,208,2.7793,0.8998,0.2500,140,0.9031,0.8485,0.2414,348,2.9785
USDJPY,0.4000,2.0000,1.5000,3.0000,0.7659,0.2788,208,3.9881,1.0943,0.3571,140,1.1236,0.8739,0.3103,348,4.8197
USDJPY,0.5000,1.5000,1.5000,2.0000,0.8756,0.3872,390,4.6774,0.8693,0.4038,260,2.4387,0.8735,0.3938,650,5.4925
USDJPY,0.5000,1.5000,1.0000,2.5000,0.7882,0.2333,390,5.7484,0.8982,0.2654,260,2.2341,0.8239,0.2462,650,6.2043
USDJPY,0.5000,1.5000,1.5000,3.0000,0.7848,0.2769,390,6.5436,0.9615,0.3423,260,2.0052,0.8408,0.3031,650,7.7784
USDJPY,0.5000,1.8000,1.5000,2.0000,0.9547,0.4105,190,2.6143,0.8932,0.4016,127,1.2978,0.9334,0.4069,317,2.6143
USDJPY,0.5000,1.8000,1.0000,2.5000,0.8144,0.2368,190,3.0627,0.9795,0.2835,127,0.9385,0.8684,0.2555,317,3.0627
USDJPY,0.5000,1.8000,1.5000,3.0000,0.7846,0.2789,190,3.3648,0.9503,0.3386,127,1.2056,0.8381,0.3028,317,4.0369
USDJPY,0.5000,2.0000,1.5000,2.0000,0.9756,0.4000,105,1.7249,0.9230,0.4000,70,0.6545,0.9571,0.4000,175,1.7249
USDJPY,0.5000,2.0000,1.0000,2.5000,0.8872,0.2476,105,1.4493,1.0743,0.2857,70,0.5316,0.9499,0.2629,175,1.4493
USDJPY,0.5000,2.0000,1.5000,3.0000,0.7458,0.2571,105,2.5398,0.9802,0.3429,70,0.7828,0.8224,0.2914,175,3.1075
USDJPY,0.6000,1.5000,1.5000,2.0000,0.8776,0.3793,203,2.5883,0.6620,0.3382,136,2.4311,0.8008,0.3628,339,4.2890
USDJPY,0.6000,1.5000,1.0000,2.5000,0.7994,0.2414,203,3.1591,0.6633,0.2206,136,2.2704,0.7532,0.2330,339,4.5633
USDJPY,0.6000,1.5000,1.5000,3.0000,0.8821,0.2906,203,3.2563,0.7056,0.2794,136,2.4035,0.8214,0.2861,339,5.1666
USDJPY,0.6000,1.8000,1.5000,2.0000,1.0328,0.4157,89,1.1285,0.6340,0.3167,60,1.4478,0.8807,0.3758,149,1.4478
USDJPY,0.6000,1.8000,1.0000,2.5000,0.9672,0.2584,89,1.2274,0.6175,0.2167,60,1.4265,0.8426,0.2416,149,1.4265
USDJPY,0.6000,1.8000,1.5000,3.0000,0.9849,0.3034,89,1.4170,0.6058,0.2500,60,1.6037,0.8467,0.2819,149,2.9756
USDJPY,0.6000,2.0000,1.5000,2.0000,0.9911,0.4043,47,1.0137,0.9436,0.3750,32,0.4136,0.9742,0.3924,79,1.0137
USDJPY,0.6000,2.0000,1.0000,2.5000,0.8323,0.2340,47,1.1492,1.1130,0.2812,32,0.4345,0.9248,0.2532,79,1.1492
USDJPY,0.6000,2.0000,1.5000,3.0000,1.0302,0.2979,47,1.1804,0.7161,0.2500,32,0.8365,0.9106,0.2785,79,1.3597
USDJPY,0.7000,1.5000,1.5000,2.0000,0.8449,0.3778,90,2.0024,0.7021,0.3443,61,1.1690,0.7966,0.3642,151,2.0116
USDJPY,0.7000,1.5000,1.0000,2.5000,0.5916,0.2111,90,2.9107,0.7057,0.2295,61,1.2937,0.6271,0.2185,151,3.1417
USDJPY,0.7000,1.5000,1.5000,3.0000,0.8044,0.2889,90,1.9262,0.7382,0.2951,61,1.0939,0.7825,0.2914,151,2.6027
USDJPY,0.7000,1.8000,1.5000,2.0000,0.8324,0.3721,43,1.4836,0.7940,0.3667,30,0.5106,0.8198,0.3699,73,1.4836
USDJPY,0.7000,1.8000,1.0000,2.5000,0.6837,0.2093,43,1.5497,0.7552,0.2667,30,0.5597,0.7057,0.2329,73,1.5497
USDJPY,0.7000,1.8000,1.5000,3.0000,0.7324,0.2558,43,1.2791,0.8573,0.3333,30,0.5038,0.7714,0.2877,73,1.3660
USDJPY,0.7000,2.0000,1.5000,2.0000,0.6573,0.2800,25,0.9352,1.0058,0.4118,17,0.4498,0.7674,0.3333,42,0.9352
USDJPY,0.7000,2.0000,1.0000,2.5000,0.7072,0.2000,25,0.9168,0.9855,0.2941,17,0.3715,0.7972,0.2381,42,0.9168
USDJPY,0.7000,2.0000,1.5000,3.0000,0.3984,0.1200,25,1.2254,1.0483,0.3529,17,0.4191,0.5961,0.2143,42,1.2978
EURJPY,0.4000,1.5000,1.5000,2.0000,0.7515,0.3544,697,13.4318,0.7104,0.3455,466,8.2405,0.7368,0.3508,1163,19.9188
EURJPY,0.4000,1.5000,1.0000,2.5000,0.6651,0.2109,697,14.4291,0.6165,0.2060,466,8.8361,0.6478,0.2089,1163,21.8996
EURJPY,0.4000,1.5000,1.5000,3.0000,0.7828,0.2884,697,14.1204,0.7287,0.2940,466,8.2436,0.7639,0.2906,1163,19.3736
EURJPY,0.4000,1.8000,1.5000,2.0000,0.7471,0.3568,370,6.9945,0.7714,0.3548,248,4.7065,0.7555,0.3560,618,10.1419
EURJPY,0.4000,1.8000,1.0000,2.5000,0.6248,0.2108,370,8.7730,0.6486,0.2056,248,4.4857,0.6330,0.2087,618,12.5807
EURJPY,0.4000,1.8000,1.5000,3.0000,0.7435,0.2811,370,7.9518,0.8782,0.3266,248,4.0636,0.7873,0.2994,618,9.6801
EURJPY,0.4000,2.0000,1.5000,2.0000,0.7752,0.3687,217,4.4035,0.8262,0.3699,146,3.4071,0.7921,0.3691,363,4.9890
EURJPY,0.4000,2.0000,1.0000,2.5000,0.7006,0.2304,217,4.9421,0.7887,0.2329,146,2.4191,0.7297,0.2314,363,5.3855
EURJPY,0.4000,2.0000,1.5000,3.0000,0.8582,0.3088,217,4.5915,0.8970,0.3356,146,3.0967,0.8706,0.3196,363,4.5915
EURJPY,0.5000,1.5000,1.5000,2.0000,0.7198,0.3423,409,8.4080,0.7340,0.3700,273,4.7587,0.7249,0.3534,682,12.2477
EURJPY,0.5000,1.5000,1.0000,2.5000,0.7132,0.2225,409,8.3222,0.5892,0.2015,273,5.9005,0.6676,0.2141,682,12.1010
EURJPY,0.5000,1.5000,1.5000,3.0000,0.8091,0.2934,409,8.3344,0.7538,0.3150,273,4.9113,0.7895,0.3021,682,10.5916
EURJPY,0.5000,1.8000,1.5000,2.0000,0.7142,0.3465,202,5.0846,0.8219,0.3971,136,2.7111,0.7509,0.3669,338,6.5745
EURJPY,0.5000,1.8000,1.0000,2.5000,0.6491,0.2129,202,4.6589,0.6554,0.2132,136,3.1783,0.6513,0.2130,338,6.9592
EURJPY,0.5000,1.8000,1.5000,3.0000,0.7510,0.2871,202,5.4631,0.9555,0.3529,136,2.2706,0.8179,0.3136,338,5.7482
EURJPY,0.5000,2.0000,1.5000,2.0000,0.7707,0.3652,115,2.8069,0.7596,0.3896,77,1.7224,0.7669,0.3750,192,3.2616
EURJPY,0.5000,2.0000,1.0000,2.5000,0.7588,0.2435,115,3.2134,0.7396,0.2338,77,1.3756,0.7521,0.2396,192,3.2134
EURJPY,0.5000,2.0000,1.5000,3.0000,0.9199,0.3217,115,3.2920,0.7942,0.3377,77,1.7846,0.8774,0.3281,192,3.2920
EURJPY,0.6000,1.5000,1.5000,2.0000,0.6025,0.2905,210,6.5304,0.6723,0.3617,141,3.1326,0.6276,0.3191,351,9.2941
EURJPY,0.6000,1.5000,1.0000,2.5000,0.7495,0.2190,210,3.9370,0.6342,0.2270,141,2.5771,0.7069,0.2222,351,5.5008
EURJPY,0.6000,1.5000,1.5000,3.0000,0.7220,0.2571,210,5.1781,0.6672,0.3121,141,3.7886,0.7023,0.2792,351,8.2873
EURJPY,0.6000,1.8000,1.5000,2.0000,0.4770,0.2500,96,4.3200,0.9676,0.4462,65,1.0515,0.6276,0.3292,161,4.8819
EURJPY,0.6000,1.8000,1.0000,2.5000,0.5924,0.1875,96,2.5507,0.8614,0.2615,65,1.2675,0.6837,0.2174,161,3.3205
EURJPY,0.6000,1.8000,1.5000,3.0000,0.5564,0.2188,96,4.1956,1.1498,0.4154,65,0.9057,0.7327,0.2981,161,4.3036
EURJPY,0.6000,2.0000,1.5000,2.0000,0.4976,0.2500,52,2.7303,1.1542,0.4857,35,0.5203,0.6753,0.3448,87,2.7303
EURJPY,0.6000,2.0000,1.0000,2.5000,0.7624,0.2115,52,1.8025,1.5302,0.3714,35,0.3473,0.9825,0.2759,87,1.8025
EURJPY,0.6000,2.0000,1.5000,3.0000,0.6742,0.2308,52,2.7482,1.1970,0.4286,35,0.5156,0.8158,0.3103,87,2.7482
EURJPY,0.7000,1.5000,1.5000,2.0000,0.6758,0.3293,82,2.0843,0.6991,0.3393,56,1.2848,0.6847,0.3333,138,3.5744
EURJPY,0.7000,1.5000,1.0000,2.5000,0.7472,0.2195,82,1.5330,0.5229,0.1964,56,1.2827,0.6590,0.2101,138,2.6096
EURJPY,0.7000,1.5000,1.5000,3.0000,0.7963,0.2927,82,1.7782,0.5742,0.2857,56,1.6247,0.7095,0.2899,138,3.4197
EURJPY,0.7000,1.8000,1.5000,2.0000,0.9932,0.4412,34,0.7930,1.0025,0.3913,23,0.3786,0.9963,0.4211,57,0.8712
EURJPY,0.7000,1.8000,1.0000,2.5000,1.0386,0.2941,34,0.5520,0.5390,0.1739,23,0.6151,0.8541,0.2456,57,0.9507
EURJPY,0.7000,1.8000,1.5000,3.0000,1.1493,0.3824,34,0.6517,1.2297,0.3913,23,0.3475,1.1744,0.3860,57,0.7668
EURJPY,0.7000,2.0000,1.5000,2.0000,0.7382,0.3125,16,1.0465,1.3884,0.4545,11,0.2330,0.8928,0.3704,27,1.0465
EURJPY,0.7000,2.0000,1.0000,2.5000,0.7872,0.1875,16,0.9034,1.9084,0.3636,11,0.1987,1.0497,0.2593,27,0.9034
EURJPY,0.7000,2.0000,1.5000,3.0000,0.8410,0.2500,16,1.2805,1.7632,0.4545,11,0.2330,1.0457,0.3333,27,1.2805
GBPJPY,0.4000,1.5000,1.5000,2.0000,0.6090,0.3185,697,27.4655,0.6369,0.3269,465,13.3908,0.6188,0.3219,1162,39.8003
GBPJPY,0.4000,1.5000,1.0000,2.5000,0.5624,0.1836,697,24.2588,0.4630,0.1677,465,16.3692,0.5268,0.1773,1162,40.4739
GBPJPY,0.4000,1.5000,1.5000,3.0000,0.6344,0.2525,697,28.3434,0.5721,0.2581,465,17.5167,0.6124,0.2547,1162,44.8039
GBPJPY,0.4000,1.8000,1.5000,2.0000,0.7085,0.3391,345,10.9433,0.6091,0.3160,231,7.5525,0.6721,0.3299,576,17.0452
GBPJPY,0.4000,1.8000,1.0000,2.5000,0.6809,0.2029,345,10.2076,0.4843,0.1775,231,7.7666,0.6087,0.1927,576,16.5901
GBPJPY,0.4000,1.8000,1.5000,3.0000,0.7747,0.2812,345,10.3941,0.5552,0.2468,231,9.1589,0.6931,0.2674,576,17.9535
GBPJPY,0.4000,2.0000,1.5000,2.0000,0.8448,0.3702,208,4.0952,0.5451,0.2857,140,5.4867,0.7268,0.3362,348,8.3586
GBPJPY,0.4000,2.0000,1.0000,2.5000,0.7720,0.2260,208,4.7194,0.4207,0.1571,140,5.6991,0.6366,0.1983,348,8.9861
GBPJPY,0.4000,2.0000,1.5000,3.0000,0.9709,0.3221,208,4.6048,0.5433,0.2357,140,5.9541,0.8024,0.2874,348,7.0223
GBPJPY,0.5000,1.5000,1.5000,2.0000,0.6526,0.3274,391,14.0622,0.5554,0.2901,262,9.6237,0.6167,0.3124,653,23.1302
GBPJPY,0.5000,1.5000,1.0000,2.5000,0.5773,0.1841,391,13.2646,0.3927,0.1412,262,10.8211,0.5089,0.1669,653,24.1438
GBPJPY,0.5000,1.5000,1.5000,3.0000,0.6987,0.2685,391,14.3876,0.4850,0.2328,262,12.2555,0.6194,0.2542,653,25.4489
GBPJPY,0.5000,1.8000,1.5000,2.0000,0.7578,0.3548,186,4.9233,0.7045,0.3280,125,4.0518,0.7384,0.3441,311,7.4198
GBPJPY,0.5000,1.8000,1.0000,2.5000,0.6843,0.2097,186,5.9116,0.5562,0.1840,125,4.3327,0.6374,0.1994,311,8.3720
GBPJPY,0.5000,1.8000,1.5000,3.0000,0.8704,0.3118,186,4.4228,0.5937,0.2560,125,5.9130,0.7660,0.2894,311,7.6014
GBPJPY,0.5000,2.0000,1.5000,2.0000,0.8840,0.3818,110,2.1439,0.5752,0.2838,74,2.9942,0.7634,0.3424,184,3.9879
GBPJPY,0.5000,2.0000,1.0000,2.5000,0.7455,0.2273,110,2.9686,0.3811,0.1486,74,3.2119,0.6051,0.1957,184,5.0630
GBPJPY,0.5000,2.0000,1.5000,3.0000,1.0337,0.3455,110,2.1299,0.5489,0.2432,74,3.5776,0.8435,0.3043,184,3.5776
GBPJPY,0.6000,1.5000,1.5000,2.0000,0.6363,0.3268,205,8.2799,0.5153,0.2826,138,6.0867,0.5902,0.3090,343,13.8313
GBPJPY,0.6000,1.5000,1.0000,2.5000,0.6394,0.2000,205,6.2903,0.3922,0.1377,138,6.0964,0.5443,0.1749,343,12.3886
GBPJPY,0.6000,1.5000,1.5000,3.0000,0.6471,0.2585,205,9.0031,0.4717,0.2319,138,7.4587,0.5805,0.2478,343,15.9411
GBPJPY,0.6000,1.8000,1.5000,2.0000,0.7010,0.3478,92,3.1785,0.6718,0.3226,62,2.3158,0.6896,0.3377,154,4.5631
GBPJPY,0.6000,1.8000,1.0000,2.5000,0.7348,0.2174,92,2.8354,0.6161,0.2097,62,1.9962,0.6885,0.2143,154,3.8730
GBPJPY,0.6000,1.8000,1.5000,3.0000,0.6578,0.2717,92,4.1526,0.7074,0.2903,62,2.6762,0.6766,0.2792,154,5.3620
GBPJPY,0.6000,2.0000,1.5000,2.0000,1.0124,0.4000,50,1.3312,0.6723,0.2941,34,1.4553,0.8744,0.3571,84,1.4553
GBPJPY,0.6000,2.0000,1.0000,2.5000,1.0212,0.2600,50,0.8796,0.5081,0.1765,34,1.5055,0.8099,0.2262,84,1.5055
GBPJPY,0.6000,2.0000,1.5000,3.0000,1.0747,0.3400,50,1.6481,0.8008,0.2941,34,1.2823,0.9697,0.3214,84,1.6481
GBPJPY,0.7000,1.5000,1.5000,2.0000,0.3847,0.2346,81,5.8107,0.7778,0.3636,55,1.4014,0.5144,0.2868,136,6.7718
GBPJPY,0.7000,1.5000,1.0000,2.5000,0.4118,0.1358,81,4.1446,0.4267,0.1455,55,2.1887,0.4173,0.1397,136,6.4349
GBPJPY,0.7000,1.5000,1.5000,3.0000,0.4914,0.2099,81,5.1969,0.3861,0.2182,55,4.0728,0.4511,0.2132,136,8.6839
GBPJPY,0.7000,1.8000,1.5000,2.0000,0.2118,0.1786,28,2.6821,0.5426,0.3000,20,1.2492,0.3384,0.2292,48,3.8152
GBPJPY,0.7000,1.8000,1.0000,2.5000,0.2986,0.1071,28,1.8637,0.5557,0.2000,20,1.0314,0.3992,0.1458,48,2.6432
GBPJPY,0.7000,1.8000,1.5000,3.0000,0.3171,0.1786,28,2.4303,0.2676,0.2000,20,2.0931,0.2962,0.1875,48,4.2578
GBPJPY,0.7000,2.0000,1.5000,2.0000,0.1874,0.1333,15,1.3093,0.5479,0.3000,10,0.8005,0.3160,0.2000,25,1.8888
GBPJPY,0.7000,2.0000,1.0000,2.5000,0.2238,0.0667,15,0.8729,0.4947,0.2000,10,0.7035,0.3279,0.1200,25,1.2546
GBPJPY,0.7000,2.0000,1.5000,3.0000,0.2811,0.1333,15,1.1467,0.5140,0.3000,10,0.8381,0.3642,0.2000,25,1.6143
EURUSD,0.4000,1.5000,1.5000,2.0000,0.6097,0.2874,421,0.0579,0.5816,0.2872,282,0.0411,0.5984,0.2873,703,0.0949
EURUSD,0.4000,1.5000,1.0000,2.5000,0.4509,0.1473,421,0.0667,0.5809,0.1738,282,0.0325,0.5012,0.1579,703,0.0951
EURUSD,0.4000,1.5000,1.5000,3.0000,0.6934,0.2423,421,0.0538,0.6171,0.2234,282,0.0431,0.6626,0.2347,703,0.0878
EURUSD,0.4000,1.8000,1.5000,2.0000,0.7190,0.3214,224,0.0240,0.5954,0.3000,150,0.0194,0.6716,0.3128,374,0.0409
EURUSD,0.4000,1.8000,1.0000,2.5000,0.5622,0.1696,224,0.0306,0.5096,0.1733,150,0.0184,0.5425,0.1711,374,0.0471
EURUSD,0.4000,1.8000,1.5000,3.0000,0.8813,0.2812,224,0.0188,0.5493,0.2200,150,0.0233,0.7499,0.2567,374,0.0361
EURUSD,0.4000,2.0000,1.5000,2.0000,0.6326,0.2889,135,0.0183,0.6174,0.3000,90,0.0109,0.6273,0.2933,225,0.0292
EURUSD,0.4000,2.0000,1.0000,2.5000,0.4967,0.1481,135,0.0211,0.5801,0.1889,90,0.0093,0.5253,0.1644,225,0.0296
EURUSD,0.4000,2.0000,1.5000,3.0000,0.7764,0.2444,135,0.0142,0.5977,0.2333,90,0.0119,0.7119,0.2400,225,0.0248
EURUSD,0.5000,1.5000,1.5000,2.0000,0.5952,0.2824,301,0.0420,0.6280,0.3020,202,0.0276,0.6082,0.2903,503,0.0667
EURUSD,0.5000,1.5000,1.0000,2.5000,0.4268,0.1329,301,0.0491,0.5994,0.1733,202,0.0220,0.4938,0.1491,503,0.0684
EURUSD,0.5000,1.5000,1.5000,3.0000,0.6557,0.2292,301,0.0425,0.6951,0.2376,202,0.0266,0.6713,0.2326,503,0.0611
EURUSD,0.5000,1.8000,1.5000,2.0000,0.6555,0.3032,155,0.0206,0.6387,0.3173,104,0.0126,0.6493,0.3089,259,0.0324
EURUSD,0.5000,1.8000,1.0000,2.5000,0.5047,0.1484,155,0.0236,0.5884,0.1923,104,0.0109,0.5350,0.1660,259,0.0344
EURUSD,0.5000,1.8000,1.5000,3.0000,0.8123,0.2645,155,0.0183,0.5980,0.2308,104,0.0148,0.7304,0.2510,259,0.0290
EURUSD,0.5000,2.0000,1.5000,2.0000,0.5645,0.2604,96,0.0168,0.5717,0.2969,64,0.0091,0.5669,0.2750,160,0.0262
EURUSD,0.5000,2.0000,1.0000,2.5000,0.4555,0.1250,96,0.0174,0.5291,0.1719,64,0.0079,0.4802,0.1437,160,0.0248
EURUSD,0.5000,2.0000,1.5000,3.0000,0.6818,0.2188,96,0.0156,0.4835,0.2031,64,0.0116,0.6107,0.2125,160,0.0260
EURUSD,0.6000,1.5000,1.5000,2.0000,0.4600,0.2377,223,0.0421,0.7247,0.3200,150,0.0174,0.5568,0.2708,373,0.0566
EURUSD,0.6000,1.5000,1.0000,2.5000,0.4067,0.1256,223,0.0380,0.8186,0.2133,150,0.0111,0.5576,0.1609,373,0.0435
EURUSD,0.6000,1.5000,1.5000,3.0000,0.5554,0.2018,223,0.0383,0.8017,0.2533,150,0.0164,0.6474,0.2225,373,0.0474
EURUSD,0.6000,1.8000,1.5000,2.0000,0.4629,0.2478,113,0.0230,0.9193,0.3684,76,0.0070,0.6140,0.2963,189,0.0274
EURUSD,0.6000,1.8000,1.0000,2.5000,0.4851,0.1504,113,0.0190,0.9320,0.2368,76,0.0064,0.6420,0.1852,189,0.0205
EURUSD,0.6000,1.8000,1.5000,3.0000,0.5836,0.2212,113,0.0207,0.8848,0.2632,76,0.0085,0.6902,0.2381,189,0.0238
EURUSD,0.6000,2.0000,1.5000,2.0000,0.5643,0.2429,70,0.0156,0.7363,0.3404,47,0.0038,0.6190,0.2821,117,0.0166
EURUSD,0.6000,2.0000,1.0000,2.5000,0.5915,0.1429,70,0.0140,0.7015,0.2128,47,0.0038,0.6278,0.1709,117,0.0140
EURUSD,0.6000,2.0000,1.5000,3.0000,0.6237,0.1857,70,0.0169,0.6245,0.2340,47,0.0056,0.6240,0.2051,117,0.0184
EURUSD,0.7000,1.5000,1.5000,2.0000,0.4598,0.2328,189,0.0319,0.7114,0.3175,126,0.0152,0.5536,0.2667,315,0.0460
EURUSD,0.7000,1.5000,1.0000,2.5000,0.4539,0.1323,189,0.0251,0.7879,0.2143,126,0.0095,0.5803,0.1651,315,0.0334
EURUSD,0.7000,1.5000,1.5000,3.0000,0.5831,0.2011,189,0.0259,0.7697,0.2460,126,0.0133,0.6548,0.2190,315,0.0364
EURUSD,0.7000,1.8000,1.5000,2.0000,0.5274,0.2500,92,0.0180,0.9760,0.3871,62,0.0033,0.6695,0.3052,154,0.0195
EURUSD,0.7000,1.8000,1.0000,2.5000,0.6486,0.1630,92,0.0127,0.9246,0.2581,62,0.0036,0.7448,0.2013,154,0.0130
EURUSD,0.7000,1.8000,1.5000,3.0000,0.7034,0.2283,92,0.0149,0.8749,0.2742,62,0.0048,0.7629,0.2468,154,0.0157
EURUSD,0.7000,2.0000,1.5000,2.0000,0.4300,0.1818,55,0.0139,0.8312,0.3684,38,0.0032,0.5557,0.2581,93,0.0164
EURUSD,0.7000,2.0000,1.0000,2.5000,0.5775,0.1273,55,0.0103,0.7592,0.2368,38,0.0039,0.6403,0.1720,93,0.0114
EURUSD,0.7000,2.0000,1.5000,3.0000,0.5316,0.1455,55,0.0145,0.6074,0.2368,38,0.0061,0.5583,0.1828,93,0.0178
GBPUSD,0.4000,1.5000,1.5000,2.0000,0.6475,0.2974,464,0.0726,0.7340,0.3387,310,0.0312,0.6794,0.3140,774,0.0975
GBPUSD,0.4000,1.5000,1.0000,2.5000,0.6649,0.1853,464,0.0551,0.6784,0.1968,310,0.0327,0.6700,0.1899,774,0.0809
GBPUSD,0.4000,1.5000,1.5000,3.0000,0.6803,0.2414,464,0.0764,0.7942,0.2710,310,0.0343,0.7224,0.2532,774,0.0974
GBPUSD,0.4000,1.8000,1.5000,2.0000,0.5563,0.2664,244,0.0513,0.5780,0.2866,164,0.0286,0.5643,0.2745,408,0.0750
GBPUSD,0.4000,1.8000,1.0000,2.5000,0.6089,0.1680,244,0.0341,0.6193,0.1890,164,0.0225,0.6127,0.1765,408,0.0520
GBPUSD,0.4000,1.8000,1.5000,3.0000,0.5969,0.2131,244,0.0531,0.6761,0.2439,164,0.0266,0.6258,0.2255,408,0.0720
GBPUSD,0.4000,2.0000,1.5000,2.0000,0.6268,0.2867,143,0.0287,0.7914,0.3333,96,0.0092,0.6806,0.3054,239,0.0308
GBPUSD,0.4000,2.0000,1.0000,2.5000,0.7380,0.1888,143,0.0192,0.7246,0.2083,96,0.0065,0.7334,0.1967,239,0.0194
GBPUSD,0.4000,2.0000,1.5000,3.0000,0.7613,0.2448,143,0.0258,0.9599,0.3021,96,0.0074,0.8255,0.2678,239,0.0258
GBPUSD,0.5000,1.5000,1.5000,2.0000,0.6742,0.3174,334,0.0430,0.7337,0.3348,224,0.0283,0.6968,0.3244,558,0.0648
GBPUSD,0.5000,1.5000,1.0000,2.5000,0.6803,0.1976,334,0.0331,0.7464,0.2098,224,0.0261,0.7057,0.2025,558,0.0520
GBPUSD,0.5000,1.5000,1.5000,3.0000,0.7153,0.2605,334,0.0474,0.8329,0.2723,224,0.0275,0.7595,0.2652,558,0.0646
GBPUSD,0.5000,1.8000,1.5000,2.0000,0.6380,0.2978,178,0.0291,0.5690,0.2773,119,0.0226,0.6118,0.2896,297,0.0467
GBPUSD,0.5000,1.8000,1.0000,2.5000,0.7137,0.1910,178,0.0181,0.6482,0.2017,119,0.0162,0.6889,0.1953,297,0.0296
GBPUSD,0.5000,1.8000,1.5000,3.0000,0.6870,0.2416,178,0.0306,0.6587,0.2353,119,0.0209,0.6765,0.2391,297,0.0436
GBPUSD,0.5000,2.0000,1.5000,2.0000,0.6833,0.3178,107,0.0208,0.7348,0.3194,72,0.0071,0.7008,0.3184,179,0.0223
GBPUSD,0.5000,2.0000,1.0000,2.5000,0.7999,0.2056,107,0.0133,0.6978,0.2222,72,0.0058,0.7637,0.2123,179,0.0135
GBPUSD,0.5000,2.0000,1.5000,3.0000,0.8480,0.2804,107,0.0173,0.8751,0.2917,72,0.0066,0.8571,0.2849,179,0.0173
GBPUSD,0.6000,1.5000,1.5000,2.0000,0.6234,0.3008,236,0.0353,0.7374,0.3354,158,0.0217,0.6658,0.3147,394,0.0522
GBPUSD,0.6000,1.5000,1.0000,2.5000,0.6883,0.1992,236,0.0222,0.7919,0.2215,158,0.0181,0.7281,0.2081,394,0.0353
GBPUSD,0.6000,1.5000,1.5000,3.0000,0.6736,0.2458,236,0.0393,0.9005,0.2911,158,0.0186,0.7568,0.2640,394,0.0500
GBPUSD,0.6000,1.8000,1.5000,2.0000,0.4843,0.2540,126,0.0289,0.5804,0.2706,85,0.0173,0.5187,0.2607,211,0.0424
GBPUSD,0.6000,1.8000,1.0000,2.5000,0.6215,0.1746,126,0.0153,0.7140,0.2118,85,0.0114,0.6555,0.1896,211,0.0238
GBPUSD,0.6000,1.8000,1.5000,3.0000,0.4825,0.1905,126,0.0329,0.7309,0.2471,85,0.0161,0.5688,0.2133,211,0.0433
GBPUSD,0.6000,2.0000,1.5000,2.0000,0.4708,0.2564,78,0.0223,0.6433,0.2885,52,0.0076,0.5277,0.2692,130,0.0272
GBPUSD,0.6000,2.0000,1.0000,2.5000,0.5747,0.1667,78,0.0134,0.7007,0.2115,52,0.0063,0.6181,0.1846,130,0.0163
GBPUSD,0.6000,2.0000,1.5000,3.0000,0.5706,0.2179,78,0.0211,0.7843,0.2692,52,0.0063,0.6403,0.2385,130,0.0231
GBPUSD,0.7000,1.5000,1.5000,2.0000,0.6689,0.3247,154,0.0207,0.6068,0.3077,104,0.0191,0.6451,0.3178,258,0.0380
GBPUSD,0.7000,1.5000,1.0000,2.5000,0.7692,0.2143,154,0.0121,0.6790,0.2019,104,0.0140,0.7341,0.2093,258,0.0246
GBPUSD,0.7000,1.5000,1.5000,3.0000,0.6761,0.2532,154,0.0262,0.6767,0.2404,104,0.0206,0.6763,0.2481,258,0.0435
GBPUSD,0.7000,1.8000,1.5000,2.0000,0.6284,0.3095,84,0.0157,0.4557,0.2456,57,0.0135,0.5647,0.2837,141,0.0281
GBPUSD,0.7000,1.8000,1.0000,2.5000,0.7521,0.2024,84,0.0089,0.5812,0.1930,57,0.0076,0.6904,0.1986,141,0.0170
GBPUSD,0.7000,1.8000,1.5000,3.0000,0.5799,0.2262,84,0.0217,0.5400,0.2105,57,0.0136,0.5658,0.2199,141,0.0337
GBPUSD,0.7000,2.0000,1.5000,2.0000,0.5361,0.3000,50,0.0134,0.4974,0.2647,34,0.0078,0.5227,0.2857,84,0.0208
GBPUSD,0.7000,2.0000,1.0000,2.5000,0.5709,0.1800,50,0.0074,0.5704,0.1765,34,0.0052,0.5707,0.1786,84,0.0128
GBPUSD,0.7000,2.0000,1.5000,3.0000,0.5913,0.2400,50,0.0147,0.5807,0.2353,34,0.0080,0.5877,0.2381,84,0.0220
AUDUSD,0.4000,1.5000,1.5000,2.0000,0.5701,0.2893,159,0.0217,0.5640,0.2547,106,0.0134,0.5678,0.2755,265,0.0324
AUDUSD,0.4000,1.5000,1.0000,2.5000,0.7212,0.1950,159,0.0128,0.3637,0.1132,106,0.0143,0.5769,0.1623,265,0.0260
AUDUSD,0.4000,1.5000,1.5000,3.0000,0.7263,0.2516,159,0.0172,0.5067,0.1792,106,0.0167,0.6406,0.2226,265,0.0312
AUDUSD,0.4000,1.8000,1.5000,2.0000,0.5055,0.2346,81,0.0152,0.5401,0.2545,55,0.0073,0.5186,0.2426,136,0.0203
AUDUSD,0.4000,1.8000,1.0000,2.5000,0.6758,0.1728,81,0.0089,0.3538,0.1273,55,0.0073,0.5450,0.1544,136,0.0152
AUDUSD,0.4000,1.8000,1.5000,3.0000,0.7385,0.2222,81,0.0117,0.3111,0.1455,55,0.0111,0.5625,0.1912,136,0.0207
AUDUSD,0.4000,2.0000,1.5000,2.0000,0.6289,0.2708,48,0.0082,0.3041,0.1212,33,0.0069,0.4985,0.2099,81,0.0135
AUDUSD,0.4000,2.0000,1.0000,2.5000,0.6969,0.1667,48,0.0063,0.0741,0.0303,33,0.0065,0.4415,0.1111,81,0.0130
AUDUSD,0.4000,2.0000,1.5000,3.0000,0.8176,0.2292,48,0.0074,0.0996,0.0606,33,0.0087,0.5218,0.1605,81,0.0158
AUDUSD,0.5000,1.5000,1.5000,2.0000,0.6042,0.2984,124,0.0165,0.6638,0.3012,83,0.0093,0.6261,0.2995,207,0.0228
AUDUSD,0.5000,1.5000,1.0000,2.5000,0.8195,0.2097,124,0.0092,0.3589,0.1205,83,0.0111,0.6313,0.1739,207,0.0190
AUDUSD,0.5000,1.5000,1.5000,3.0000,0.7868,0.2661,124,0.0133,0.5264,0.2048,83,0.0128,0.6852,0.2415,207,0.0231
AUDUSD,0.5000,1.8000,1.5000,2.0000,0.6061,0.2656,64,0.0102,0.4885,0.2558,43,0.0057,0.5596,0.2617,107,0.0154
AUDUSD,0.5000,1.8000,1.0000,2.5000,0.8312,0.2031,64,0.0061,0.2428,0.1163,43,0.0061,0.5816,0.1682,107,0.0127
AUDUSD,0.5000,1.8000,1.5000,3.0000,0.8403,0.2500,64,0.0074,0.2793,0.1628,43,0.0080,0.6055,0.2150,107,0.0163
AUDUSD,0.5000,2.0000,1.5000,2.0000,0.8825,0.3243,37,0.0054,0.2122,0.1154,26,0.0056,0.5988,0.2381,63,0.0101
AUDUSD,0.5000,2.0000,1.0000,2.5000,0.9057,0.2162,37,0.0052,0.0998,0.0385,26,0.0046,0.5823,0.1429,63,0.0101
AUDUSD,0.5000,2.0000,1.5000,3.0000,1.0364,0.2973,37,0.0055,0.0799,0.0385,26,0.0070,0.6163,0.1905,63,0.0126
AUDUSD,0.6000,1.5000,1.5000,2.0000,0.4927,0.2766,94,0.0147,0.7171,0.3333,63,0.0068,0.5742,0.2994,157,0.0194
AUDUSD,0.6000,1.5000,1.0000,2.5000,0.6442,0.1915,94,0.0094,0.4321,0.1429,63,0.0086,0.5582,0.1720,157,0.0171
AUDUSD,0.6000,1.5000,1.5000,3.0000,0.5982,0.2340,94,0.0141,0.6180,0.2381,63,0.0091,0.6057,0.2357,157,0.0206
AUDUSD,0.6000,1.8000,1.5000,2.0000,0.4223,0.2245,49,0.0107,0.6770,0.3030,33,0.0039,0.5021,0.2561,82,0.0133
AUDUSD,0.6000,1.8000,1.0000,2.5000,0.5427,0.1633,49,0.0077,0.3737,0.1515,33,0.0036,0.4832,0.1585,82,0.0117
AUDUSD,0.6000,1.8000,1.5000,3.0000,0.5636,0.2041,49,0.0099,0.4522,0.2121,33,0.0049,0.5265,0.2073,82,0.0144
AUDUSD,0.6000,2.0000,1.5000,2.0000,0.6769,0.2857,28,0.0059,0.1315,0.1000,20,0.0047,0.4534,0.2083,48,0.0097
AUDUSD,0.6000,2.0000,1.0000,2.5000,0.5663,0.1786,28,0.0057,0.1394,0.0500,20,0.0030,0.4082,0.1250,48,0.0090
AUDUSD,0.6000,2.0000,1.5000,3.0000,0.6801,0.2500,28,0.0063,0.1116,0.0500,20,0.0047,0.4489,0.1667,48,0.0111
AUDUSD,0.7000,1.5000,1.5000,2.0000,0.3835,0.2273,66,0.0131,0.6767,0.2955,44,0.0067,0.4867,0.2545,110,0.0169
AUDUSD,0.7000,1.5000,1.0000,2.5000,0.5040,0.1515,66,0.0083,0.2104,0.0455,44,0.0090,0.3826,0.1091,110,0.0161
AUDUSD,0.7000,1.5000,1.5000,3.0000,0.4266,0.1818,66,0.0135,0.4731,0.1818,44,0.0085,0.4439,0.1818,110,0.0201
AUDUSD,0.7000,1.8000,1.5000,2.0000,0.3730,0.1892,37,0.0090,0.5630,0.2400,25,0.0043,0.4394,0.2097,62,0.0109
AUDUSD,0.7000,1.8000,1.0000,2.5000,0.5712,0.1622,37,0.0059,0.0000,0.0000,25,0.0054,0.3297,0.0968,62,0.0103
AUDUSD,0.7000,1.8000,1.5000,3.0000,0.5595,0.1892,37,0.0080,0.1952,0.1200,25,0.0053,0.4182,0.1613,62,0.0122
AUDUSD,0.7000,2.0000,1.5000,2.0000,0.5930,0.2727,22,0.0045,0.0737,0.0667,15,0.0039,0.3958,0.1892,37,0.0077
AUDUSD,0.7000,2.0000,1.0000,2.5000,0.3321,0.1364,22,0.0050,0.0000,0.0000,15,0.0028,0.2204,0.0811,37,0.0079
AUDUSD,0.7000,2.0000,1.5000,3.0000,0.4987,0.2273,22,0.0050,0.0000,0.0000,15,0.0042,0.3105,0.1351,37,0.0094
NZDUSD,0.4000,1.5000,1.5000,2.0000,0.4196,0.2207,145,0.0206,0.9013,0.3196,97,0.0059,0.5778,0.2603,242,0.0228
NZDUSD,0.4000,1.5000,1.0000,2.5000,0.3350,0.0897,145,0.0189,0.6919,0.1340,97,0.0078,0.4612,0.1074,242,0.0236
NZDUSD,0.4000,1.5000,1.5000,3.0000,0.5124,0.1862,145,0.0185,1.0432,0.2577,97,0.0081,0.6921,0.2149,242,0.0185
NZDUSD,0.4000,1.8000,1.5000,2.0000,0.6716,0.2976,84,0.0095,0.6455,0.2807,57,0.0056,0.6616,0.2908,141,0.0114
NZDUSD,0.4000,1.8000,1.0000,2.5000,0.5040,0.1190,84,0.0116,0.3069,0.0702,57,0.0068,0.4258,0.0993,141,0.0157
NZDUSD,0.4000,1.8000,1.5000,3.0000,0.8513,0.2619,84,0.0083,0.7400,0.2281,57,0.0059,0.8079,0.2482,141,0.0083
NZDUSD,0.4000,2.0000,1.5000,2.0000,1.3133,0.4259,54,0.0032,0.2217,0.1389,36,0.0064,0.8026,0.3111,90,0.0068
NZDUSD,0.4000,2.0000,1.0000,2.5000,0.7326,0.1667,54,0.0059,0.0906,0.0278,36,0.0053,0.4810,0.1111,90,0.0089
NZDUSD,0.4000,2.0000,1.5000,3.0000,1.5731,0.3704,54,0.0036,0.2372,0.1111,36,0.0068,0.9692,0.2667,90,0.0071
NZDUSD,0.5000,1.5000,1.5000,2.0000,0.3883,0.2018,109,0.0179,0.7961,0.2973,74,0.0050,0.5208,0.2404,183,0.0199
NZDUSD,0.5000,1.5000,1.0000,2.5000,0.3517,0.0917,109,0.0143,0.4708,0.0946,74,0.0068,0.3946,0.0929,183,0.0200
NZDUSD,0.5000,1.5000,1.5000,3.0000,0.4920,0.1743,109,0.0161,0.8758,0.2297,74,0.0072,0.6219,0.1967,183,0.0171
NZDUSD,0.5000,1.8000,1.5000,2.0000,0.5108,0.2500,60,0.0084,0.6121,0.2683,41,0.0050,0.5478,0.2574,101,0.0104
NZDUSD,0.5000,1.8000,1.0000,2.5000,0.2672,0.0667,60,0.0092,0.2031,0.0488,41,0.0057,0.2426,0.0594,101,0.0145
NZDUSD,0.5000,1.8000,1.5000,3.0000,0.6966,0.2333,60,0.0070,0.6986,0.2195,41,0.0059,0.6974,0.2277,101,0.0076
NZDUSD,0.5000,2.0000,1.5000,2.0000,0.8466,0.3250,40,0.0035,0.2864,0.1786,28,0.0047,0.5997,0.2647,68,0.0059
NZDUSD,0.5000,2.0000,1.0000,2.5000,0.2872,0.0750,40,0.0056,0.1133,0.0357,28,0.0042,0.2203,0.0588,68,0.0097
NZDUSD,0.5000,2.0000,1.5000,3.0000,1.1249,0.3000,40,0.0028,0.3029,0.1429,28,0.0050,0.7609,0.2353,68,0.0056
NZDUSD,0.6000,1.5000,1.5000,2.0000,0.3837,0.2069,87,0.0142,0.7487,0.2759,58,0.0049,0.5080,0.2345,145,0.0157
NZDUSD,0.6000,1.5000,1.0000,2.5000,0.2208,0.0690,87,0.0134,0.5517,0.1034,58,0.0059,0.3378,0.0828,145,0.0170
NZDUSD,0.6000,1.5000,1.5000,3.0000,0.5074,0.1839,87,0.0130,0.8910,0.2241,58,0.0064,0.6415,0.2000,145,0.0130
NZDUSD,0.6000,1.8000,1.5000,2.0000,0.5612,0.2708,48,0.0062,0.5544,0.2424,33,0.0050,0.5585,0.2593,81,0.0081
NZDUSD,0.6000,1.8000,1.0000,2.5000,0.2318,0.0625,48,0.0077,0.2483,0.0606,33,0.0044,0.2383,0.0617,81,0.0117
NZDUSD,0.6000,1.8000,1.5000,3.0000,0.7485,0.2500,48,0.0054,0.6993,0.2121,33,0.0054,0.7290,0.2346,81,0.0055
NZDUSD,0.6000,2.0000,1.5000,2.0000,0.8648,0.3333,33,0.0032,0.2889,0.1739,23,0.0041,0.6040,0.2679,56,0.0049
NZDUSD,0.6000,2.0000,1.0000,2.5000,0.1890,0.0606,33,0.0054,0.1351,0.0435,23,0.0036,0.1683,0.0536,56,0.0087
NZDUSD,0.6000,2.0000,1.5000,3.0000,1.1172,0.3030,33,0.0034,0.2844,0.1304,23,0.0047,0.7387,0.2321,56,0.0049
NZDUSD,0.7000,1.5000,1.5000,2.0000,0.3767,0.2000,55,0.0083,0.6479,0.2368,38,0.0045,0.4719,0.2151,93,0.0108
NZDUSD,0.7000,1.5000,1.0000,2.5000,0.1468,0.0545,55,0.0085,0.3956,0.0789,38,0.0041,0.2375,0.0645,93,0.0120
NZDUSD,0.7000,1.5000,1.5000,3.0000,0.4913,0.1818,55,0.0073,0.9718,0.2368,38,0.0044,0.6569,0.2043,93,0.0078
NZDUSD,0.7000,1.8000,1.5000,2.0000,0.5906,0.2667,30,0.0034,0.6834,0.2381,21,0.0026,0.6277,0.2549,51,0.0040
NZDUSD,0.7000,1.8000,1.0000,2.5000,0.1049,0.0333,30,0.0054,0.2538,0.0476,21,0.0027,0.1642,0.0392,51,0.0076
NZDUSD,0.7000,1.8000,1.5000,3.0000,0.7222,0.2333,30,0.0035,1.0251,0.2381,21,0.0026,0.8391,0.2353,51,0.0035
NZDUSD,0.7000,2.0000,1.5000,2.0000,0.9216,0.3636,22,0.0015,0.6368,0.2000,15,0.0026,0.8019,0.2973,37,0.0026
NZDUSD,0.7000,2.0000,1.0000,2.5000,0.1416,0.0455,22,0.0040,0.0000,0.0000,15,0.0027,0.0848,0.0270,37,0.0062
NZDUSD,0.7000,2.0000,1.5000,3.0000,1.0920,0.3182,22,0.0019,0.9552,0.2000,15,0.0026,1.0375,0.2703,37,0.0026
