ticket,open_time,close_time,type,lots,symbol,open_price,sl,tp,close_price,profit,magic,comment
28710581,2026.04.24 15:15:42,2026.04.24 16:02:01,buy,0.2,USDJPY,159.422,158.141,161.556,159.51,1760.0,20240101,[sl 159.511]
28716749,2026.04.24 18:52:07,2026.04.24 19:21:54,sell,0.2,AUDJPY,113.958,114.064,113.8,113.948,200.0,20250001,[sl 113.948]
28729503,2026.04.24 21:42:07,2026.04.24 22:02:51,sell,0.2,EURJPY,186.791,186.845,186.71,186.845,-1080.0,20250001,[sl 186.845]
28738516,2026.04.27 00:07:07,2026.04.27 01:03:21,buy,0.2,EURUSD,1.17055,1.169,1.17288,1.17057,64.0,20250001,[sl 1.17062]
28739893,2026.04.27 01:07:08,2026.04.27 02:24:54,sell,0.2,USDCAD,1.36781,1.36872,1.36644,1.36779,47.0,20250001,[sl 1.36779]
28741971,2026.04.27 03:42:07,2026.04.27 03:45:05,buy,0.2,USDCAD,1.36733,1.36703,1.36778,1.36702,-723.0,20250001,[sl 1.36703]
28738515,2026.04.27 00:07:07,2026.04.27 03:49:38,sell,0.2,USDJPY,159.486,160.198,158.419,159.481,100.0,20250001,[sl 159.480]
28742355,2026.04.27 03:47:07,2026.04.27 03:54:23,buy,0.2,USDCAD,1.36705,1.36672,1.36755,1.36708,70.0,20250001,[sl 1.36709]
28743028,2026.04.27 03:52:07,2026.04.27 03:58:26,sell,0.2,AUDJPY,114.081,114.139,113.994,114.141,-1200.0,20250001,[sl 114.139]
28743089,2026.04.27 03:57:07,2026.04.27 04:00:28,buy,0.2,USDCAD,1.3671,1.36674,1.36764,1.36673,-863.0,20250001,[sl 1.36674]
28743333,2026.04.27 04:02:09,2026.04.27 04:18:12,buy,0.2,USDCAD,1.36636,1.36582,1.36716,1.36647,257.0,20250001,[sl 1.36647]
28744299,2026.04.27 04:22:08,2026.04.27 05:01:17,buy,0.2,USDCAD,1.36661,1.36606,1.36743,1.36606,-1283.0,20250001,[sl 1.36606]
28746174,2026.04.27 05:42:07,2026.04.27 06:43:22,sell,0.2,EURUSD,1.17264,1.17319,1.17182,1.17319,-1751.0,20250001,[sl 1.17319]
28747857,2026.04.27 06:52:07,2026.04.27 06:59:26,buy,0.2,EURJPY,186.765,186.702,186.859,186.77,100.0,20250001,[sl 186.771]
28747921,2026.04.27 07:02:07,2026.04.27 07:14:29,buy,0.2,EURJPY,186.747,186.687,186.837,186.749,40.0,20250001,[sl 186.753]
28747719,2026.04.27 06:47:07,2026.04.27 07:15:19,sell,0.2,EURUSD,1.17301,1.17338,1.17245,1.17298,96.0,20250001,[sl 1.17298]
28749176,2026.04.27 07:42:07,2026.04.27 07:50:28,sell,0.2,EURUSD,1.17307,1.17334,1.17266,1.17265,1337.0,20250001,[tp 1.17266]
28748075,2026.04.27 07:17:08,2026.04.27 08:14:05,buy,0.2,EURJPY,186.741,186.682,186.83,186.745,80.0,20250001,[sl 186.746]
28749711,2026.04.27 08:37:07,2026.04.27 08:58:05,sell,0.2,EURJPY,186.819,186.885,186.717,186.885,-1320.0,20250001,[sl 186.885]
28749974,2026.04.27 09:02:09,2026.04.27 09:07:13,buy,0.2,EURUSD,1.17223,1.17186,1.17279,1.17186,-1180.0,20250001,[sl 1.17186]
28750116,2026.04.27 09:12:08,2026.04.27 09:22:58,buy,0.2,EURUSD,1.17192,1.17148,1.17258,1.17197,159.0,20250001,[sl 1.17197]
28750280,2026.04.27 09:27:09,2026.04.27 09:45:01,buy,0.2,EURUSD,1.17188,1.17142,1.17257,1.17193,159.0,20250001,[sl 1.17193]
28750737,2026.04.27 09:52:08,2026.04.27 10:00:04,buy,0.2,USDCAD,1.36598,1.3655,1.3667,1.3655,-1120.0,20250001,[sl 1.36550]
28750870,2026.04.27 10:02:08,2026.04.27 10:09:54,sell,0.2,EURUSD,1.17305,1.17361,1.17221,1.17361,-1783.0,20250001,[sl 1.17361]
28750869,2026.04.27 10:02:08,2026.04.27 10:19:48,buy,0.2,GBPJPY,215.583,215.471,215.751,215.633,1000.0,20250001,[sl 215.633]
28751018,2026.04.27 10:12:07,2026.04.27 10:23:19,sell,0.2,EURUSD,1.17328,1.17392,1.17232,1.17322,191.0,20250001,[sl 1.17322]
28751665,2026.04.27 10:32:07,2026.04.27 10:56:22,buy,0.2,GBPJPY,215.55,215.428,215.733,215.639,1780.0,20250001,[sl 215.640]
28751980,2026.04.27 10:57:07,2026.04.27 11:09:06,sell,0.2,EURUSD,1.17406,1.17473,1.17306,1.17473,-2133.0,20250001,[sl 1.17473]
28751979,2026.04.27 10:57:07,2026.04.27 11:21:40,sell,0.2,EURJPY,186.948,187.048,186.797,186.938,200.0,20250001,[sl 186.938]
28753985,2026.04.27 13:17:07,2026.04.27 13:41:10,sell,0.2,USDJPY,159.266,159.331,159.168,159.168,1960.0,20250001,[tp 159.168]
28754340,2026.04.27 13:57:07,2026.04.27 14:16:49,sell,0.2,EURUSD,1.17466,1.17509,1.17402,1.174,2101.0,20250001,[tp 1.17402]
28755339,2026.04.27 15:12:07,2026.04.27 15:29:58,sell,0.2,EURUSD,1.17503,1.17564,1.17412,1.17496,223.0,20250001,[sl 1.17496]
28756436,2026.04.27 16:02:07,2026.04.27 16:06:45,buy,0.2,GBPJPY,215.711,215.533,215.979,215.729,360.0,20250001,[sl 215.730]
28756439,2026.04.27 16:02:10,2026.04.27 16:37:57,buy,0.2,GBPUSD,1.3547,1.35336,1.35671,1.35516,1465.0,20250001,[sl 1.35516]
28757222,2026.04.27 16:47:07,2026.04.27 17:07:04,buy,0.2,GBPUSD,1.35469,1.35358,1.35636,1.35479,319.0,20250001,[sl 1.35480]
28757299,2026.04.27 16:52:07,2026.04.27 17:50:41,buy,0.2,EURUSD,1.17402,1.17326,1.17515,1.17441,1241.0,20250001,[sl 1.17441]
28758425,2026.04.27 18:07:08,2026.04.27 19:54:05,buy,0.2,EURUSD,1.17352,1.17267,1.1748,1.17267,-2710.0,20250001,[sl 1.17267]
28759418,2026.04.27 19:52:07,2026.04.27 20:02:17,buy,0.2,GBPUSD,1.3546,1.35391,1.35564,1.35391,-2200.0,20250001,[sl 1.35391]
28759356,2026.04.27 19:42:07,2026.04.27 20:03:52,sell,0.2,USDJPY,159.362,159.426,159.266,159.426,-1280.0,20250001,[sl 159.426]
28759434,2026.04.27 19:57:07,2026.04.27 20:04:28,buy,0.2,EURUSD,1.17283,1.17219,1.17378,1.17219,-2041.0,20250001,[sl 1.17219]
28759538,2026.04.27 20:07:07,2026.04.27 20:39:02,sell,0.2,USDCAD,1.36203,1.36255,1.36125,1.36197,140.0,20250001,[sl 1.36197]
28759540,2026.04.27 20:07:07,2026.04.27 20:40:19,buy,0.2,GBPUSD,1.35366,1.35285,1.35488,1.354,1084.0,20250001,[sl 1.35401]
28759539,2026.04.27 20:07:07,2026.04.27 20:40:20,buy,0.2,EURUSD,1.17237,1.17175,1.1733,1.17258,669.0,20250001,[sl 1.17258]
28760341,2026.04.27 21:47:07,2026.04.27 21:55:01,sell,0.2,USDCAD,1.36227,1.36272,1.36159,1.36274,-1100.0,20250001,[sl 1.36272]
28760385,2026.04.27 21:57:07,2026.04.27 22:02:19,buy,0.2,GBPUSD,1.35318,1.35266,1.35396,1.35323,159.0,20250001,[sl 1.35323]
28760384,2026.04.27 21:57:07,2026.04.27 22:22:07,sell,0.2,USDCAD,1.36268,1.36314,1.36199,1.36264,94.0,20250001,[sl 1.36264]
28760587,2026.04.27 22:37:07,2026.04.27 22:50:29,sell,0.2,USDCAD,1.36289,1.36333,1.36223,1.36334,-1053.0,20250001,[sl 1.36333]
28760628,2026.04.27 22:52:07,2026.04.27 23:01:00,sell,0.2,USDCAD,1.36316,1.36365,1.36242,1.36365,-1146.0,20250001,[sl 1.36365]
28760732,2026.04.27 23:02:07,2026.04.27 23:36:56,sell,0.2,USDCAD,1.36352,1.36406,1.36271,1.36314,889.0,20250001,[sl 1.36313]
28760974,2026.04.27 23:52:07,2026.04.27 23:52:12,buy,0.2,USDCAD,1.36271,1.36229,1.36335,1.36227,-1030.0,20250001,[sl 1.36229]
28760292,2026.04.27 21:32:07,2026.04.27 23:52:13,buy,0.2,GBPJPY,215.764,215.7,215.86,215.694,-1400.0,20250001,[sl 215.700]
28761352,2026.04.28 02:27:07,2026.04.28 02:49:26,sell,0.2,GBPJPY,215.807,215.874,215.707,215.805,40.0,20250001,[sl 215.801]
28761528,2026.04.28 03:07:07,2026.04.28 03:08:03,buy,0.2,USDCAD,1.36181,1.36148,1.36231,1.36148,-772.0,20250001,[sl 1.36148]
28761017,2026.04.28 00:07:07,2026.04.28 03:13:34,buy,0.2,EURUSD,1.17237,1.17147,1.17372,1.17254,542.0,20250001,[sl 1.17255]
28761529,2026.04.28 03:07:07,2026.04.28 03:15:29,buy,0.2,GBPJPY,215.71,215.642,215.812,215.717,140.0,20250001,[sl 215.717]
28761548,2026.04.28 03:12:07,2026.04.28 03:27:02,buy,0.2,USDCAD,1.36142,1.36103,1.36201,1.36203,1428.0,20250001,[tp 1.36201]
28761885,2026.04.28 03:57:07,2026.04.28 04:01:44,sell,0.2,USDJPY,159.454,159.536,159.331,159.545,-1820.0,20250001,[sl 159.536]
28762048,2026.04.28 04:07:07,2026.04.28 04:47:02,sell,0.2,USDCAD,1.36287,1.36334,1.36217,1.36334,-1100.0,20250001,[sl 1.36334]
28762627,2026.04.28 04:57:08,2026.04.28 05:04:59,sell,0.2,USDCAD,1.36349,1.36386,1.36294,1.36386,-866.0,20250001,[sl 1.36386]
28763150,2026.04.28 05:42:07,2026.04.28 06:04:02,buy,0.2,GBPJPY,215.697,215.61,215.828,215.592,-2100.0,20250001,[sl 215.610]
28763577,2026.04.28 06:07:08,2026.04.28 06:34:03,buy,0.2,AUDJPY,114.373,114.235,114.58,114.23,-2860.0,20250001,[sl 114.235]
28765599,2026.04.28 09:02:07,2026.04.28 09:13:24,buy,0.2,GBPUSD,1.35123,1.35062,1.35215,1.35171,1528.0,20250001,[sl 1.35172]
28765769,2026.04.28 09:22:07,2026.04.28 09:30:42,buy,0.2,GBPUSD,1.35147,1.35083,1.35243,1.35152,159.0,20250001,[sl 1.35154]
28766486,2026.04.28 10:02:07,2026.04.28 10:09:01,sell,0.2,USDJPY,159.359,159.51,159.132,159.347,240.0,20250001,[sl 159.345]
28766257,2026.04.28 09:47:08,2026.04.28 10:19:12,buy,0.2,GBPUSD,1.35085,1.35007,1.35201,1.35093,255.0,20250001,[sl 1.35093]
28766817,2026.04.28 10:17:07,2026.04.28 10:27:53,sell,0.2,USDJPY,159.415,159.572,159.179,159.403,240.0,20250001,[sl 159.399]
28739086,2026.04.27 01:00:07,2026.04.28 11:09:28,buy,0.2,USDJPY,159.575,157.844,162.459,159.595,400.0,20240101,[sl 159.597]
28767392,2026.04.28 11:02:08,2026.04.28 11:13:33,sell,0.2,GBPJPY,215.612,215.802,215.327,215.597,300.0,20250001,[sl 215.593]
28768789,2026.04.28 12:17:07,2026.04.28 12:33:30,buy,0.2,GBPUSD,1.34984,1.34899,1.35112,1.34899,-2712.0,20250001,[sl 1.34899]
28768934,2026.04.28 12:37:08,2026.04.28 12:53:35,buy,0.2,GBPUSD,1.34887,1.348,1.35018,1.34896,287.0,20250001,[sl 1.34897]
28769952,2026.04.28 14:22:08,2026.04.28 14:34:40,buy,0.2,GBPUSD,1.34843,1.34768,1.34955,1.34768,-2396.0,20250001,[sl 1.34768]
28770082,2026.04.28 14:37:07,2026.04.28 14:51:03,buy,0.2,GBPUSD,1.34744,1.34655,1.34877,1.34655,-2844.0,20250001,[sl 1.34655]
28770255,2026.04.28 14:52:08,2026.04.28 15:21:04,buy,0.2,GBPUSD,1.34694,1.34597,1.3484,1.34706,383.0,20250001,[sl 1.34706]
28771361,2026.04.28 16:02:10,2026.04.28 16:12:30,buy,0.2,USDJPY,159.487,159.361,159.676,159.499,240.0,20250001,[sl 159.499]
28772047,2026.04.28 16:42:09,2026.04.28 17:06:27,sell,0.2,EURUSD,1.17024,1.1713,1.16865,1.16959,2074.0,20250001,[sl 1.16959]
28773120,2026.04.28 17:27:08,2026.04.28 17:34:06,sell,0.2,USDJPY,159.634,159.737,159.479,159.618,320.0,20250001,[sl 159.618]
28773851,2026.04.28 18:07:09,2026.04.28 18:16:58,sell,0.2,EURUSD,1.1707,1.17173,1.16913,1.17061,287.0,20250001,[sl 1.17061]
28773852,2026.04.28 18:07:09,2026.04.28 18:39:29,sell,0.2,GBPUSD,1.35002,1.35127,1.34814,1.35129,-4053.0,20250001,[sl 1.35127]
28773910,2026.04.28 18:17:31,2026.04.28 18:41:07,sell,0.2,EURUSD,1.17066,1.17158,1.16928,1.17158,-2936.0,20250001,[sl 1.17158]
28774413,2026.04.28 18:42:07,2026.04.28 18:51:15,sell,0.2,GBPUSD,1.35111,1.35215,1.34955,1.35101,319.0,20250001,[sl 1.35100]
28774412,2026.04.28 18:42:07,2026.04.28 18:54:51,sell,0.2,EURUSD,1.17141,1.1723,1.17008,1.17132,287.0,20250001,[sl 1.17132]
28774504,2026.04.28 18:57:09,2026.04.28 20:47:11,sell,0.2,GBPUSD,1.35098,1.35195,1.34953,1.35197,-3159.0,20250001,[sl 1.35195]
28775596,2026.04.28 20:52:07,2026.04.28 20:59:42,sell,0.2,EURUSD,1.17149,1.17211,1.17056,1.17143,191.0,20250001,[sl 1.17143]
28775597,2026.04.28 20:52:07,2026.04.28 21:09:13,sell,0.2,GBPUSD,1.35172,1.35235,1.35077,1.35166,191.0,20250001,[sl 1.35166]
28775595,2026.04.28 20:52:07,2026.04.28 21:09:17,buy,0.2,USDJPY,159.541,159.469,159.648,159.556,300.0,20250001,[sl 159.557]
28775868,2026.04.28 22:02:07,2026.04.28 22:20:00,sell,0.2,USDJPY,159.589,159.647,159.503,159.647,-1160.0,20250001,[sl 159.647]
28775928,2026.04.28 22:17:07,2026.04.28 22:51:52,buy,0.2,EURUSD,1.17107,1.17067,1.17167,1.17067,-1277.0,20250001,[sl 1.17067]
28776159,2026.04.28 22:57:07,2026.04.28 23:09:39,buy,0.2,EURUSD,1.17093,1.17059,1.17145,1.17121,894.0,20250001,[sl 1.17121]
28775939,2026.04.28 22:22:07,2026.04.28 23:17:17,sell,0.2,USDJPY,159.644,159.696,159.565,159.624,400.0,20250001,[sl 159.624]
28775940,2026.04.28 22:22:07,2026.04.28 23:45:00,buy,0.2,GBPUSD,1.35154,1.35107,1.35225,1.35203,1564.0,20250001,[sl 1.35203]
28776423,2026.04.28 23:47:07,2026.04.29 00:05:00,sell,0.2,GBPUSD,1.35206,1.3524,1.35155,1.35266,-1914.0,20250001,[sl 1.35240]
28776364,2026.04.28 23:37:07,2026.04.29 00:05:00,sell,0.2,EURUSD,1.17135,1.17168,1.17085,1.17168,-1053.0,20250001,[sl 1.17168]
28776613,2026.04.29 01:00:08,2026.04.29 02:48:52,buy,0.2,AUDUSD,0.71844,0.70984,0.73278,0.71846,64.0,20240101,[sl 0.71846]
28776505,2026.04.29 00:17:07,2026.04.29 03:06:42,buy,0.2,EURUSD,1.17186,1.17083,1.17341,1.17191,160.0,20250001,[sl 1.17191]
28776990,2026.04.29 03:07:09,2026.04.29 03:30:52,buy,0.2,USDJPY,159.557,159.52,159.612,159.559,40.0,20250001,[sl 159.562]
28776989,2026.04.29 03:07:09,2026.04.29 03:32:42,buy,0.2,USDCAD,1.36776,1.36752,1.36813,1.36787,257.0,20250001,[sl 1.36787]
28777267,2026.04.29 03:47:07,2026.04.29 03:54:05,buy,0.2,USDJPY,159.538,159.5,159.594,159.535,-60.0,20250001,[sl 159.542]
28777521,2026.04.29 04:07:08,2026.04.29 04:15:45,sell,0.2,USDCAD,1.3685,1.36892,1.36787,1.36892,-980.0,20250001,[sl 1.36892]
28777622,2026.04.29 04:17:08,2026.04.29 04:31:12,sell,0.2,USDCAD,1.36887,1.3693,1.36822,1.36854,770.0,20250001,[sl 1.36854]
28777522,2026.04.29 04:07:08,2026.04.29 04:32:13,sell,0.2,USDJPY,159.623,159.697,159.512,159.616,140.0,20250001,[sl 159.616]
28778903,2026.04.29 06:52:07,2026.04.29 07:17:10,sell,0.2,USDCAD,1.36877,1.36908,1.36831,1.36874,70.0,20250001,[sl 1.36874]
28779492,2026.04.29 08:12:07,2026.04.29 08:15:25,sell,0.2,USDCAD,1.36875,1.369,1.36837,1.369,-583.0,20250001,[sl 1.36900]
28779536,2026.04.29 08:17:07,2026.04.29 08:23:49,sell,0.2,USDCAD,1.36887,1.36912,1.3685,1.36913,-606.0,20250001,[sl 1.36912]
28779493,2026.04.29 08:12:07,2026.04.29 08:30:55,sell,0.2,USDJPY,159.662,159.691,159.619,159.664,-40.0,20250001,[sl 159.659]
28779636,2026.04.29 08:27:07,2026.04.29 08:38:48,sell,0.2,USDCAD,1.36891,1.36914,1.36857,1.36916,-583.0,20250001,[sl 1.36914]
28779805,2026.04.29 08:42:07,2026.04.29 08:58:54,sell,0.2,USDCAD,1.36895,1.36921,1.36857,1.36892,70.0,20250001,[sl 1.36892]
28780272,2026.04.29 09:17:08,2026.04.29 09:29:29,buy,0.2,GBPUSD,1.34978,1.34919,1.35066,1.34984,192.0,20250001,[sl 1.34984]
28780485,2026.04.29 09:37:10,2026.04.29 09:43:55,buy,0.2,GBPUSD,1.34986,1.34922,1.35082,1.35004,575.0,20250001,[sl 1.35004]
28781063,2026.04.29 10:12:08,2026.04.29 10:35:14,sell,0.2,GBPUSD,1.3506,1.35142,1.34937,1.35037,734.0,20250001,[sl 1.35037]
28781754,2026.04.29 11:07:07,2026.04.29 11:18:56,buy,0.2,USDCAD,1.368,1.36745,1.36883,1.36806,140.0,20250001,[sl 1.36806]
28781864,2026.04.29 11:17:07,2026.04.29 11:23:18,buy,0.2,GBPUSD,1.35002,1.34909,1.35142,1.35011,288.0,20250001,[sl 1.35011]
28782453,2026.04.29 12:27:07,2026.04.29 12:33:39,sell,0.2,USDCAD,1.3687,1.36914,1.36804,1.36866,93.0,20250001,[sl 1.36865]
28782584,2026.04.29 12:42:08,2026.04.29 12:58:41,sell,0.2,USDCAD,1.36879,1.36928,1.36805,1.36928,-1144.0,20250001,[sl 1.36928]
28783170,2026.04.29 14:02:08,2026.04.29 14:06:41,buy,0.2,USDCAD,1.36859,1.36807,1.36937,1.36807,-1215.0,20250001,[sl 1.36807]
28782801,2026.04.29 13:07:08,2026.04.29 14:12:06,sell,0.2,GBPUSD,1.35076,1.35158,1.34948,1.35068,256.0,20250001,[sl 1.35068]
28783171,2026.04.29 14:02:09,2026.04.29 14:17:21,sell,0.2,EURUSD,1.1706,1.17116,1.16976,1.17055,160.0,20250001,[sl 1.17055]
28783216,2026.04.29 14:07:08,2026.04.29 15:05:22,buy,0.2,USDCAD,1.36814,1.36763,1.36893,1.36763,-1192.0,20250001,[sl 1.36763]
28783733,2026.04.29 15:12:09,2026.04.29 15:30:41,buy,0.2,USDCAD,1.36754,1.36695,1.36843,1.3676,140.0,20250001,[sl 1.36760]
28784109,2026.04.29 15:42:10,2026.04.29 15:44:54,buy,0.2,EURUSD,1.16989,1.16914,1.17101,1.16997,256.0,20250001,[sl 1.16997]
28784110,2026.04.29 15:42:10,2026.04.29 15:47:42,buy,0.2,GBPUSD,1.35024,1.34928,1.35167,1.35034,320.0,20250001,[sl 1.35034]
28784164,2026.04.29 15:47:09,2026.04.29 15:51:50,buy,0.2,EURUSD,1.17011,1.16938,1.1712,1.16938,-2335.0,20250001,[sl 1.16938]
28784323,2026.04.29 15:57:09,2026.04.29 16:01:27,buy,0.2,GBPUSD,1.35004,1.34912,1.35142,1.35013,288.0,20250001,[sl 1.35013]
28784387,2026.04.29 16:02:11,2026.04.29 16:06:01,buy,0.2,GBPUSD,1.35026,1.34935,1.35162,1.35036,320.0,20250001,[sl 1.35036]
28784264,2026.04.29 15:52:11,2026.04.29 16:15:42,buy,0.2,EURUSD,1.16951,1.16869,1.17074,1.16975,768.0,20250001,[sl 1.16976]
28784705,2026.04.29 16:22:12,2026.04.29 16:33:09,buy,0.2,GBPUSD,1.34983,1.34879,1.35138,1.34879,-3330.0,20250001,[sl 1.34879]
28784701,2026.04.29 16:22:10,2026.04.29 16:34:23,buy,0.2,EURUSD,1.16932,1.1685,1.17055,1.1685,-2626.0,20250001,[sl 1.16850]
28784700,2026.04.29 16:22:09,2026.04.29 16:34:29,sell,0.2,USDCAD,1.3684,1.36927,1.36709,1.36927,-2035.0,20250001,[sl 1.36927]
28785177,2026.04.29 16:39:18,2026.04.29 16:42:38,buy,0.2,EURUSD,1.16873,1.16776,1.17019,1.16882,288.0,20250001,[sl 1.16882]
28785178,2026.04.29 16:39:19,2026.04.29 16:48:19,buy,0.2,GBPUSD,1.34902,1.34786,1.35077,1.34786,-3716.0,20250001,[sl 1.34786]
28785388,2026.04.29 16:52:09,2026.04.29 16:54:43,buy,0.2,GBPUSD,1.34778,1.34635,1.34992,1.34789,352.0,20250001,[sl 1.34792]
28785263,2026.04.29 16:47:08,2026.04.29 17:40:57,buy,0.2,EURUSD,1.16876,1.1679,1.17005,1.16911,1121.0,20250001,[sl 1.16911]
28785474,2026.04.29 16:57:10,2026.04.29 17:44:08,buy,0.2,GBPUSD,1.34809,1.3467,1.3502,1.34869,1922.0,20250001,[sl 1.34869]
28786294,2026.04.29 18:02:08,2026.04.29 18:17:09,sell,0.2,EURUSD,1.1697,1.17068,1.16822,1.16961,288.0,20250001,[sl 1.16961]
28786295,2026.04.29 18:02:10,2026.04.29 18:17:59,sell,0.2,GBPUSD,1.34954,1.35094,1.34744,1.34939,481.0,20250001,[sl 1.34939]
28790851,2026.04.29 23:37:07,2026.04.30 00:08:05,buy,0.2,USDCAD,1.36808,1.36741,1.36908,1.36806,-47.0,20250001,[sl 1.36815]
28792744,2026.04.30 02:42:08,2026.04.30 02:45:14,buy,0.2,USDCAD,1.36763,1.36728,1.36816,1.36728,-820.0,20250001,[sl 1.36728]
28790953,2026.04.30 00:07:07,2026.04.30 02:50:01,buy,0.2,EURUSD,1.16821,1.16612,1.17135,1.16845,769.0,20250001,[sl 1.16845]
28792793,2026.04.30 02:47:08,2026.04.30 02:56:28,buy,0.2,USDCAD,1.36741,1.36703,1.36798,1.36703,-891.0,20250001,[sl 1.36703]
28792839,2026.04.30 02:57:08,2026.04.30 03:00:21,buy,0.2,USDCAD,1.36727,1.3669,1.36783,1.3669,-867.0,20250001,[sl 1.36690]
28793030,2026.04.30 03:12:08,2026.04.30 03:18:32,buy,0.2,USDJPY,160.09,159.998,160.228,160.098,160.0,20250001,[sl 160.099]
28793519,2026.04.30 04:17:08,2026.04.30 04:36:09,sell,0.2,USDCAD,1.36747,1.36792,1.3668,1.36792,-1055.0,20250001,[sl 1.36792]
28794098,2026.04.30 05:32:08,2026.04.30 05:45:14,sell,0.2,USDCAD,1.36795,1.36839,1.36729,1.3684,-1055.0,20250001,[sl 1.36839]
28794133,2026.04.30 05:37:07,2026.04.30 06:45:14,sell,0.2,USDJPY,160.334,160.415,160.213,160.415,-1620.0,20250001,[sl 160.415]
28791914,2026.04.30 01:00:07,2026.04.30 06:58:13,buy,0.2,USDJPY,160.387,159.233,162.31,160.39,60.0,20240101,[sl 160.390]
28794877,2026.04.30 07:22:09,2026.04.30 07:31:47,buy,0.2,GBPUSD,1.34679,1.34609,1.34784,1.34609,-2247.0,20250001,[sl 1.34609]
28794903,2026.04.30 07:27:07,2026.04.30 07:33:47,sell,0.2,USDCAD,1.36833,1.36873,1.36773,1.36874,-962.0,20250001,[sl 1.36873]
28794986,2026.04.30 07:32:08,2026.04.30 08:01:56,buy,0.2,GBPUSD,1.34616,1.3454,1.34731,1.34622,193.0,20250001,[sl 1.34623]
28795106,2026.04.30 07:52:07,2026.04.30 08:04:41,sell,0.2,USDCAD,1.36855,1.36897,1.36792,1.36851,94.0,20250001,[sl 1.36851]
28796133,2026.04.30 09:37:08,2026.04.30 09:45:00,sell,0.2,GBPUSD,1.34768,1.34867,1.3462,1.34761,225.0,20250001,[sl 1.34759]
28796288,2026.04.30 09:47:10,2026.04.30 10:09:06,sell,0.2,GBPUSD,1.34754,1.34848,1.34612,1.34849,-3050.0,20250001,[sl 1.34848]
28796477,2026.04.30 10:02:08,2026.04.30 10:13:20,sell,0.2,EURUSD,1.16735,1.16797,1.16643,1.16797,-1990.0,20250001,[sl 1.16797]
28796531,2026.04.30 10:07:07,2026.04.30 10:14:53,buy,0.2,USDCAD,1.36765,1.36703,1.36859,1.36703,-1456.0,20250001,[sl 1.36703]
28796698,2026.04.30 10:17:09,2026.04.30 10:24:01,sell,0.2,EURUSD,1.16794,1.16862,1.1669,1.16788,193.0,20250001,[sl 1.16788]
28796696,2026.04.30 10:17:08,2026.04.30 10:36:35,buy,0.2,USDCAD,1.36688,1.36618,1.36793,1.36695,165.0,20250001,[sl 1.36696]
28796796,2026.04.30 10:27:08,2026.04.30 10:38:27,sell,0.2,EURUSD,1.16791,1.16858,1.16691,1.16784,225.0,20250001,[sl 1.16784]
28796624,2026.04.30 10:12:07,2026.04.30 11:03:33,sell,0.2,GBPUSD,1.34837,1.3494,1.34683,1.3494,-3297.0,20250001,[sl 1.34940]
28797919,2026.04.30 11:07:09,2026.04.30 11:38:50,sell,0.2,EURUSD,1.16958,1.17058,1.16808,1.16884,2365.0,20250001,[sl 1.16878]
28799792,,2026.04.30 13:03:47,sell,0.2,EURUSD,1.16938,0.0,0.0,1.16938,287.0,20250001,[sl 1.16937]
28805345,2026.04.30 13:57:09,2026.04.30 14:12:57,sell,0.2,EURUSD,1.17117,1.17233,1.16943,1.17104,409.0,20250001,[sl 1.17104]
28806896,2026.04.30 15:07:07,2026.04.30 15:17:21,buy,0.2,EURUSD,1.17046,1.16914,1.17245,1.16914,-4135.0,20250001,[sl 1.16914]
28807081,2026.04.30 15:22:08,2026.04.30 15:29:42,buy,0.2,EURUSD,1.16997,1.16849,1.17219,1.17012,470.0,20250001,[sl 1.17012]
28807231,2026.04.30 15:32:08,2026.04.30 16:24:24,buy,0.2,EURUSD,1.16986,1.16834,1.17214,1.16833,-4798.0,20250001,[sl 1.16834]
28808269,2026.04.30 16:27:17,2026.04.30 16:30:28,buy,0.2,EURUSD,1.16868,1.16711,1.17103,1.16879,345.0,20250001,[sl 1.16882]
28808769,2026.04.30 16:52:12,2026.04.30 17:00:54,buy,0.2,USDCAD,1.36641,1.36555,1.3677,1.36552,-2045.0,20250001,[sl 1.36555]
28809723,2026.04.30 17:32:08,2026.04.30 17:41:36,sell,0.2,EURUSD,1.17135,1.17267,1.16937,1.17121,439.0,20250001,[sl 1.17121]
28810256,2026.04.30 17:47:08,2026.04.30 17:53:33,sell,0.2,EURUSD,1.17148,1.17279,1.16951,1.17279,-4101.0,20250001,[sl 1.17279]
28810481,2026.04.30 17:57:12,2026.04.30 18:07:00,sell,0.2,EURUSD,1.17287,1.17431,1.17074,1.17272,470.0,20250001,[sl 1.17272]
28814011,2026.05.01 01:37:07,2026.05.01 01:50:48,sell,0.2,USDJPY,156.71,156.803,156.571,156.707,60.0,20250001,[sl 156.704]
28814466,2026.05.01 02:47:08,2026.05.01 03:01:54,sell,0.2,USDJPY,156.947,157.058,156.78,157.058,-2220.0,20250001,[sl 157.058]
28814759,2026.05.01 03:07:08,2026.05.01 03:13:52,sell,0.2,USDJPY,157.144,157.293,156.921,157.133,220.0,20250001,[sl 157.129]
28813900,2026.05.01 00:07:08,2026.05.01 03:13:53,buy,0.2,EURUSD,1.17351,1.17259,1.17489,1.17259,-2891.0,20250001,[sl 1.17259]
28815934,2026.05.01 05:12:08,2026.05.01 05:24:18,sell,0.2,EURUSD,1.17334,1.1737,1.1728,1.17332,63.0,20250001,[sl 1.17330]
28816185,2026.05.01 05:47:08,2026.05.01 06:04:00,sell,0.2,USDJPY,157.287,157.401,157.115,157.271,320.0,20250001,[sl 157.269]
28816765,2026.05.01 06:42:08,2026.05.01 06:59:10,buy,0.2,USDJPY,157.176,157.017,157.414,157.184,160.0,20250001,[sl 157.189]
28816654,2026.05.01 06:32:08,2026.05.01 07:03:26,sell,0.2,EURUSD,1.17353,1.17383,1.17307,1.17305,1509.0,20250001,[tp 1.17307]
28816934,2026.05.01 07:02:07,2026.05.01 07:03:32,sell,0.2,USDCAD,1.35803,1.35835,1.35755,1.35835,-741.0,20250001,[sl 1.35835]
28816992,2026.05.01 07:07:08,2026.05.01 07:10:34,sell,0.2,USDCAD,1.35804,1.35842,1.35747,1.35842,-879.0,20250001,[sl 1.35842]
28817003,2026.05.01 07:12:07,2026.05.01 07:24:16,sell,0.2,USDCAD,1.35822,1.3586,1.35766,1.3586,-879.0,20250001,[sl 1.35860]
28816993,2026.05.01 07:07:08,2026.05.01 07:28:15,buy,0.2,EURUSD,1.17305,1.17262,1.1737,1.17262,-1352.0,20250001,[sl 1.17262]
28817142,2026.05.01 07:32:08,2026.05.01 08:17:17,buy,0.2,EURUSD,1.17278,1.1724,1.17336,1.17238,-1258.0,20250001,[sl 1.17240]
28817074,2026.05.01 07:27:07,2026.05.01 08:39:15,sell,0.2,USDCAD,1.35848,1.35882,1.35798,1.35882,-787.0,20250001,[sl 1.35882]
28817609,2026.05.01 08:57:09,2026.05.01 09:11:53,sell,0.2,USDCAD,1.35867,1.35893,1.35829,1.35853,324.0,20250001,[sl 1.35853]
28817642,2026.05.01 09:02:08,2026.05.01 09:21:38,buy,0.2,GBPUSD,1.35925,1.35874,1.36002,1.35874,-1604.0,20250001,[sl 1.35874]
28817704,2026.05.01 09:12:07,2026.05.01 09:45:49,buy,0.2,USDCAD,1.3586,1.35825,1.35913,1.35825,-807.0,20250001,[sl 1.35825]
28818924,2026.05.01 09:47:11,2026.05.01 09:48:07,sell,0.2,GBPUSD,1.36024,1.3611,1.35895,1.3611,-2682.0,20250001,[sl 1.36110]
28813946,2026.05.01 01:00:07,2026.05.01 09:52:46,sell,0.2,USDJPY,156.569,157.666,153.279,155.778,15820.0,20240101,[sl 155.778]
28813947,2026.05.01 01:00:10,2026.05.01 09:57:26,buy,0.2,EURUSD,1.17384,1.16729,1.18476,1.17394,312.0,20240101,[sl 1.17394]
28819351,2026.05.01 09:52:10,2026.05.01 10:20:50,buy,0.2,USDCAD,1.35745,1.35679,1.35844,1.3577,576.0,20250001,[sl 1.35770]
28819352,2026.05.01 09:52:10,2026.05.01 10:20:52,sell,0.2,GBPUSD,1.36188,1.36307,1.36009,1.36123,2032.0,20250001,[sl 1.36123]
28819684,2026.05.01 10:02:10,2026.05.01 11:27:07,sell,0.2,EURUSD,1.17327,1.17432,1.1717,1.17432,-3283.0,20250001,[sl 1.17432]
28821337,2026.05.01 11:37:09,2026.05.01 11:41:09,sell,0.2,EURUSD,1.17457,1.17551,1.17316,1.17447,313.0,20250001,[sl 1.17447]
28821303,2026.05.01 11:32:09,2026.05.01 11:42:51,buy,0.2,USDCAD,1.3575,1.35673,1.35866,1.35757,161.0,20250001,[sl 1.35757]
28821416,2026.05.01 11:47:09,2026.05.01 11:55:28,sell,0.2,EURUSD,1.17446,1.1753,1.1732,1.17438,250.0,20250001,[sl 1.17438]
28822010,2026.05.01 12:17:09,2026.05.01 12:24:59,buy,0.2,GBPUSD,1.36033,1.35956,1.36148,1.35955,-2444.0,20250001,[sl 1.35956]
28821613,2026.05.01 12:02:09,2026.05.01 12:39:46,buy,0.2,USDCAD,1.35718,1.35656,1.35811,1.35765,1085.0,20250001,[sl 1.35765]
28822112,,2026.05.01 13:01:37,sell,0.2,USDJPY,156.623,0.0,0.0,156.623,1460.0,20250001,[sl 156.619]
28822516,2026.05.01 13:02:08,2026.05.01 13:19:17,buy,0.2,EURUSD,1.17327,1.17262,1.17424,1.17424,3036.0,20250001,[tp 1.17424]
28822512,2026.05.01 13:02:07,2026.05.01 13:25:19,sell,0.2,USDCAD,1.35789,1.35842,1.3571,1.3571,1822.0,20250001,[tp 1.35710]
28823158,2026.05.01 13:52:08,2026.05.01 14:10:59,sell,0.2,EURUSD,1.17437,1.1749,1.17357,1.17501,-2004.0,20250001,[sl 1.17490]
28823292,2026.05.01 14:07:08,2026.05.01 14:17:48,sell,0.2,GBPUSD,1.36103,1.36179,1.35989,1.36179,-2379.0,20250001,[sl 1.36179]
28823436,2026.05.01 14:22:08,2026.05.01 14:53:23,sell,0.2,GBPUSD,1.36165,1.3624,1.36053,1.36131,1065.0,20250001,[sl 1.36131]
28823777,2026.05.01 15:02:08,2026.05.01 15:10:46,sell,0.2,GBPUSD,1.36167,1.36258,1.3603,1.36258,-2850.0,20250001,[sl 1.36258]
28828178,2026.05.01 20:02:08,2026.05.01 20:23:04,sell,0.2,USDJPY,156.916,157.867,155.965,156.906,200.0,20250001,[sl 156.905]
28831517,2026.05.04 03:02:09,2026.05.04 03:11:31,sell,0.2,USDJPY,156.913,157.867,155.959,156.905,160.0,20250001,[sl 156.905]
28831612,2026.05.04 03:17:08,2026.05.04 04:18:32,sell,0.2,USDJPY,156.906,157.872,155.94,156.887,380.0,20250001,[sl 156.887]
28830896,2026.05.04 01:00:06,2026.05.04 06:46:39,sell,0.2,USDJPY,156.725,157.895,153.215,156.369,7120.0,20240101,[sl 156.355]
28836291,2026.05.04 09:47:09,2026.05.04 10:50:06,sell,0.2,USDJPY,156.911,158.098,155.724,156.903,160.0,20250001,[sl 156.901]
28840135,2026.05.04 13:07:09,2026.05.04 13:42:48,sell,0.2,USDJPY,157.127,157.97,156.28,157.066,1220.0,20250001,[sl 157.065]
28854500,2026.05.04 18:22:11,2026.05.04 18:23:27,sell,0.2,USDJPY,157.199,157.919,156.475,157.176,460.0,20250001,[sl 157.176]
28830898,2026.05.04 01:00:08,2026.05.04 19:47:34,buy,0.2,EURUSD,1.1746699999999999,1.16821,1.18544,1.16821,-20320.0,20240104,[sl 1.16821]
28854679,2026.05.04 18:27:08,2026.05.04 21:59:08,sell,0.2,USDJPY,157.137,157.859,156.415,157.065,1440.0,20250001,[sl 157.063]
28868787,2026.05.05 01:00:09,2026.05.05 08:01:56,sell,0.2,GBPJPY,212.608,213.315,211.195,212.603,100.0,20240102,[sl 212.601]
28882999,2026.05.05 11:17:07,2026.05.05 12:00:12,sell,0.2,USDJPY,157.272,157.656,156.888,157.658,-7720.0,20250001,[sl 157.656]
28868788,2026.05.05 01:00:10,2026.05.05 15:30:43,buy,0.2,EURUSD,1.16937,1.16241,1.18097,1.1694499999999999,252.0,20240104,[sl 1.16945]
28895006,2026.05.05 15:40:50,2026.05.05 16:07:21,buy,0.2,EURUSD,1.16907,1.16202,1.18082,1.16984,2429.0,20240104,[sl 1.16984]
28773107,,2026.05.05 16:33:01,sell,0.2,EURCAD,1.59295,0.0,0.0,1.59295,13093.0,20240101,[sl 1.59295]
28929797,2026.05.06 01:00:06,2026.05.06 01:52:18,buy,0.2,EURUSD,1.16956,1.16265,1.18108,1.1698,758.0,20240104,[sl 1.16981]
28884060,2026.05.05 12:07:08,2026.05.06 07:27:30,sell,0.2,USDJPY,157.408,158.006,156.81,157.332,1520.0,20250001,[sl 157.332]
28868779,2026.05.05 01:00:06,2026.05.06 07:29:32,sell,0.2,USDJPY,157.116,158.353,153.406,156.963,3060.0,20240101,[sl 156.957]
29014957,2026.05.07 01:00:08,2026.05.07 03:15:31,buy,0.2,EURUSD,1.1751800000000001,1.16879,1.18583,1.17525,219.0,20240104,[sl 1.17525]
29014951,2026.05.07 01:00:06,2026.05.07 04:15:07,sell,0.2,USDJPY,156.25,157.543,152.371,156.157,1860.0,20240101,[sl 156.156]
29014953,2026.05.07 01:00:06,2026.05.07 04:46:16,sell,0.2,GBPJPY,212.365,213.173,210.749,212.384,-380.0,20240102,[sl 212.383]
28971484,2026.05.06 18:02:07,2026.05.07 04:48:08,sell,0.2,USDJPY,156.279,157.325,155.233,156.1,3580.0,20250001,[sl 156.100]
29093067,2026.05.07 12:07:09,2026.05.07 12:42:06,sell,0.2,USDJPY,156.372,156.906,155.838,156.344,560.0,20250001,[sl 156.344]
29094489,2026.05.07 14:52:08,2026.05.07 14:59:58,sell,0.2,USDJPY,156.43,156.919,155.941,156.406,480.0,20250001,[sl 156.401]
29157358,2026.05.08 08:37:07,2026.05.08 08:51:40,buy,0.2,USDJPY,156.84,156.445,157.235,156.856,320.0,20250001,[sl 156.857]
29159812,2026.05.08 09:07:08,2026.05.08 09:16:53,buy,0.2,USDJPY,156.785,156.399,157.171,156.818,660.0,20250001,[sl 156.818]
29162132,2026.05.08 09:32:07,2026.05.08 10:00:42,buy,0.2,USDJPY,156.798,156.408,157.188,156.824,520.0,20250001,[sl 156.824]
29170808,2026.05.08 11:27:07,2026.05.08 13:55:47,buy,0.2,USDJPY,156.749,156.338,157.16,156.768,380.0,20250001,[sl 156.768]
29200308,2026.05.08 15:00:13,2026.05.08 15:20:04,buy,0.2,GBPUSD,1.36118,1.34933,1.37699,1.36127,282.0,20240107,[sl 1.36127]
29200307,2026.05.08 15:00:10,2026.05.08 15:30:42,sell,0.2,USDJPY,156.744,158.072,152.759,156.674,1400.0,20240101,[sl 156.674]
29200310,2026.05.08 15:00:14,2026.05.08 15:46:37,buy,0.2,EURUSD,1.1764999999999999,1.16964,1.18794,1.17748,3070.0,20240104,[sl 1.17748]
29203372,2026.05.08 15:22:08,2026.05.11 05:41:52,buy,0.2,USDJPY,156.764,156.406,157.122,157.125,7220.0,20250001,[tp 157.122]
1774992392,2026.05.11 12:46:12,2026.05.11 12:46:13,buy,0.01,USDJPYm,157.091,156.891,157.291,157.08100000000002,-0.06,20269999,TEST_EXEC_CLOSE
1775025735,2026.05.11 12:49:41,2026.05.11 12:49:42,buy,0.01,USDJPYm,157.111,156.911,157.311,157.101,-0.06,20269999,TEST_EXEC_CLOSE
1775196344,2026.05.11 13:08:25,2026.05.11 13:08:26,buy,0.01,USDJPYm,157.102,156.902,157.302,157.091,-0.07,20269999,TEST_EXEC_CLOSE
1775495498,2026.05.11 13:39:30,2026.05.11 13:39:31,buy,0.01,USDJPYm,157.064,156.864,157.264,157.054,-0.06,20269999,TEST_EXEC_CLOSE
1775214574,2026.05.11 13:10:07,2026.05.11 15:23:50,sell,0.01,GBPUSDm,1.36196,1.36498,1.35743,1.36498,-3.02,20250001,[sl 1.36498]
42662768,2026.05.11 15:46:08,2026.05.11 15:46:10,buy,0.01,USDJPY,157.086,156.886,157.286,157.082,-4.0,20269999,TEST_EXEC_CLOSE
42662945,2026.05.11 15:49:37,2026.05.11 15:49:39,buy,0.01,USDJPY,157.111,156.911,157.311,157.106,-5.0,20269999,TEST_EXEC_CLOSE
42663888,2026.05.11 16:08:21,2026.05.11 16:08:23,buy,0.01,USDJPY,157.099,156.899,157.299,157.096,-3.0,20269999,TEST_EXEC_CLOSE
42664450,2026.05.11 16:18:01,2026.05.11 16:18:02,buy,0.01,USDJPY,157.075,156.875,157.275,157.072,-3.0,20269999,TEST_EXEC_CLOSE
1775404414,2026.05.11 13:30:07,2026.05.11 16:22:47,buy,0.01,USDJPYm,157.064,156.739,157.389,157.086,0.14,20250001,[sl 157.086]
42665286,2026.05.11 16:39:26,2026.05.11 16:39:28,buy,0.01,USDJPY,157.064,156.864,157.264,157.061,-3.0,20269999,TEST_EXEC_CLOSE
29690906,2026.05.11 16:41:03,2026.05.11 16:41:05,buy,0.01,USDJPY,157.042,156.842,157.242,157.038,-4.0,20269999,TEST_EXEC_CLOSE
1775165873,2026.05.11 13:05:07,2026.05.11 16:43:56,sell,0.01,EURUSDm,1.1777000000000002,1.18038,1.17502,1.17755,0.15,20250001,[sl 1.17755]
29691532,2026.05.11 16:42:11,2026.05.11 17:03:10,sell,0.2,GBPUSD,1.36276,1.36592,1.35802,1.36234,1319.0,20250001,[sl 1.36233]
29693090,2026.05.11 16:45:09,2026.05.11 17:07:48,buy,0.2,USDJPY,157.03,156.7,157.362,157.051,420.0,20250001,[sl 157.051]
29693091,2026.05.11 16:45:09,2026.05.11 17:10:47,sell,0.2,EURUSD,1.17863,1.18164,1.1756199999999999,1.17829,1068.0,20250001,[sl 1.17829]
1776697244,2026.05.11 17:00:05,2026.05.11 18:12:13,buy,0.01,EURUSDm,1.1774600000000002,1.17504,1.17986,1.17781,0.35,20250001,[sl 1.17781]
42663999,2026.05.11 16:10:05,2026.05.11 18:23:57,sell,0.2,GBPUSD,1.36201,1.365,1.35754,1.365,-9389.0,20250001,[sl 1.36500]
42664911,2026.05.11 16:30:04,2026.05.11 19:16:40,buy,0.2,USDJPY,157.061,156.727,157.393,157.083,440.0,20250001,[sl 157.088]
1777061899,2026.05.11 19:00:04,2026.05.11 19:27:33,buy,0.01,EURUSDm,1.17755,1.17522,1.17988,1.17757,0.02,20250001,[sl 1.17757]
42663790,2026.05.11 16:05:05,2026.05.11 19:43:44,sell,0.2,EURUSD,1.17774,1.18055,1.17495,1.17749,786.0,20250001,[sl 1.17749]
29775050,2026.05.11 20:00:06,2026.05.11 20:39:18,buy,0.2,EURUSD,1.17743,1.175,1.17986,1.17766,723.0,20250001,[sl 1.17766]
42671999,2026.05.11 20:00:03,2026.05.11 21:20:13,buy,0.2,EURUSD,1.17743,1.17489,1.17993,1.1778,1163.0,20250001,[sl 1.17780]
1777061903,2026.05.11 19:00:05,2026.05.11 21:45:20,buy,0.01,GBPUSDm,1.3629900000000001,1.3603399999999999,1.36697,1.3603399999999999,-2.65,20250001,[sl 1.36034]
29812498,2026.05.11 22:00:06,2026.05.11 22:13:01,buy,0.2,EURUSD,1.17753,1.1752,1.17986,1.17755,63.0,20250001,[sl 1.17755]
1775297492,2026.05.11 13:18:04,2026.05.12 00:00:49,buy,0.01,USDJPYm,157.083,156.883,157.283,157.283,1.27,20269999,[tp 157.283]
1777281859,2026.05.11 20:15:04,2026.05.12 00:02:01,sell,0.01,EURUSDm,1.1778300000000002,1.1801300000000001,1.17553,1.17767,0.16,20250001,[sl 1.17767]
29812499,2026.05.11 22:00:06,2026.05.12 00:56:41,buy,0.2,GBPUSD,1.36297,1.36036,1.36688,1.36035,-8240.0,20250001,[sl 1.36036]
1777738138,2026.05.11 23:40:03,2026.05.12 01:28:16,buy,0.01,GBPUSDm,1.36077,1.35855,1.3641,1.35855,-2.22,20250001,[sl 1.35855]
28757346,,2026.05.12 01:41:39,sell,0.01,EURUSD,1.17878,0.0,0.0,1.17878,-778.0,20260001,stat_arb_close
28757347,,2026.05.12 01:41:39,buy,0.01,GBPUSD,1.36077,0.0,0.0,1.36077,981.0,20260001,stat_arb_close
42674549,2026.05.11 22:00:03,2026.05.12 02:46:50,buy,0.2,GBPUSD,1.36295,1.3603100000000001,1.36691,1.36029,-8366.0,20250001,[sl 1.36031]
29833916,2026.05.11 23:15:05,2026.05.12 02:48:06,sell,0.2,EURUSD,1.17786,1.18014,1.17558,1.17785,31.0,20250001,[sl 1.17785]
29851120,2026.05.12 00:05:04,2026.05.12 02:48:08,buy,0.2,USDJPY,157.226,156.917,157.535,157.236,200.0,20250001,[sl 157.236]
42675744,2026.05.11 23:15:03,2026.05.12 03:02:59,sell,0.2,EURUSD,1.17783,1.18023,1.17545,1.17768,472.0,20250001,[sl 1.17764]
29887371,2026.05.12 02:45:04,2026.05.12 04:36:40,buy,0.2,GBPUSD,1.36057,1.35836,1.36388,1.35836,-6964.0,20250001,[sl 1.35836]
42678456,2026.05.12 02:47:02,2026.05.12 04:41:30,buy,0.2,GBPUSD,1.36033,1.358,1.36385,1.35799,-7374.0,20250001,[sl 1.35800]
1779579376,2026.05.12 06:00:05,2026.05.12 06:33:25,buy,0.01,USDJPYm,157.238,156.579,157.891,157.385,0.93,20250001,[sl 157.385]
1777982495,2026.05.12 00:25:04,2026.05.12 06:53:32,buy,0.01,EURUSDm,1.17748,1.17514,1.17982,1.17514,-2.34,20250001,[sl 1.17514]
29890365,2026.05.12 03:00:06,2026.05.12 08:12:45,buy,0.2,EURUSD,1.17767,1.1754,1.17994,1.17538,-7220.0,20250001,[sl 1.17540]
42678770,2026.05.12 03:03:03,2026.05.12 08:13:03,buy,0.2,EURUSD,1.17763,1.17524,1.18002,1.17523,-7567.0,20250001,[sl 1.17524]
28765521,,2026.05.12 08:55:59,sell,0.01,GBPJPY,212.991,0.0,0.0,212.991,2206.0,20260001,stat_arb_close
28765522,,2026.05.12 08:55:59,buy,0.01,USDJPY,156.793,0.0,0.0,156.793,-2414.0,20260001,stat_arb_close
30037447,2026.05.12 09:00:07,2026.05.12 09:06:27,buy,0.2,USDJPY,157.214,156.56,157.87,157.321,2140.0,20250001,[sl 157.325]
30038729,2026.05.12 09:07:05,2026.05.12 09:22:09,buy,0.2,USDJPY,157.336,156.592,158.08,157.436,2000.0,20250001,[sl 157.436]
42686972,2026.05.12 09:00:03,2026.05.12 09:22:52,buy,0.2,USDJPY,157.287,156.651,157.919,157.386,1980.0,20250001,[sl 157.390]
30111376,2026.05.12 16:00:06,2026.05.12 16:23:02,sell,0.2,EURUSD,1.17485,1.17753,1.17217,1.17387,3089.0,20250001,[sl 1.17387]
1783997893,2026.05.12 19:00:05,2026.05.12 20:49:06,sell,0.01,EURUSDm,1.17405,1.17709,1.1710099999999999,1.17394,0.11,20250001,[sl 1.17394]
42709847,2026.05.12 22:00:03,2026.05.12 23:49:32,sell,0.2,EURUSD,1.17411,1.17719,1.17103,1.17394,536.0,20250001,[sl 1.17394]
1784681130,2026.05.12 23:35:04,2026.05.13 00:03:03,buy,0.01,USDJPYm,157.57399999999998,157.058,158.09,157.662,0.56,20250001,[sl 157.662]
42711906,2026.05.13 00:05:02,2026.05.13 02:10:01,buy,0.2,EURUSD,1.17387,1.17102,1.17672,1.17402,473.0,20250001,[sl 1.17402]
42713314,2026.05.13 02:10:03,2026.05.13 02:27:05,sell,0.2,EURUSD,1.1739600000000001,1.17655,1.17137,1.1739,189.0,20250001,[sl 1.17387]
42713668,2026.05.13 02:35:03,2026.05.13 03:00:06,buy,0.2,USDJPY,157.565,157.027,158.103,157.653,1760.0,20250001,[sl 157.654]
42713814,2026.05.13 02:46:03,2026.05.13 04:55:01,buy,0.2,EURUSD,1.1737,1.17104,1.17636,1.17397,851.0,20250001,[sl 1.17397]
42715986,2026.05.13 04:55:02,2026.05.13 05:48:00,sell,0.2,EURUSD,1.17394,1.17651,1.17137,1.17382,378.0,20250001,[sl 1.17381]
1786262117,2026.05.13 06:00:05,2026.05.13 06:12:04,buy,0.01,USDJPYm,157.698,157.421,157.975,157.711,0.08,20250001,[sl 157.711]
1784339122,2026.05.12 21:11:03,2026.05.13 07:37:51,buy,0.01,EURUSDm,1.1742500000000002,1.17144,1.17706,1.17144,-2.81,20250001,[sl 1.17144]
1783882105,2026.05.12 18:30:05,2026.05.13 09:05:36,sell,0.01,GBPUSDm,1.35268,1.35684,1.34644,1.35229,0.39,20250001,[sl 1.35229]
42720053,2026.05.13 09:00:03,2026.05.13 09:12:08,buy,0.2,USDJPY,157.693,157.396,157.99,157.705,240.0,20250001,[sl 157.707]
1787077117,2026.05.13 09:21:03,2026.05.13 10:10:35,buy,0.01,GBPUSDm,1.35138,1.3483800000000001,1.35587,1.35172,0.34,20250001,[sl 1.35172]
42717171,2026.05.13 06:05:03,2026.05.13 10:38:28,buy,0.2,EURUSD,1.17355,1.17131,1.1757900000000001,1.17131,-7067.0,20250001,[sl 1.17131]
42709234,2026.05.12 21:30:03,2026.05.13 10:59:49,sell,0.2,GBPUSD,1.35269,1.35682,1.34649,1.35213,1768.0,20250001,[sl 1.35213]
30116150,2026.05.12 16:23:05,2026.05.13 11:00:01,buy,0.2,EURUSD,1.17394,1.17066,1.17722,1.17065,-10386.0,20250001,[sl 1.17066]
42725347,2026.05.13 12:20:02,2026.05.13 13:07:17,buy,0.2,GBPUSD,1.35145,1.34842,1.35599,1.35186,1294.0,20250001,[sl 1.35191]
1787495361,2026.05.13 11:00:06,2026.05.13 13:32:39,sell,0.01,GBPJPYm,213.131,213.419,212.556,213.131,0.0,20260010,[sl 213.131]
1788634177,2026.05.13 14:00:07,2026.05.13 14:51:39,sell,0.01,GBPUSDm,1.3514400000000002,1.35334,1.34669,1.35101,0.43,20250001,[sl 1.35101]
42728082,2026.05.13 14:00:06,2026.05.13 16:32:40,sell,0.2,GBPJPY,213.136,213.448,212.506,213.137,-20.0,20260010,[sl 213.136]
1789225012,2026.05.13 15:35:05,2026.05.13 17:05:40,sell,0.01,GBPUSDm,1.3520800000000002,1.35408,1.3470900000000001,1.3517000000000001,0.38,20250001,[sl 1.35170]
42732459,2026.05.13 17:00:04,2026.05.13 17:38:39,sell,0.2,GBPUSD,1.35154,1.35346,1.34674,1.35099,1736.0,20250001,[sl 1.35098]
1789601776,2026.05.13 17:00:44,2026.05.13 20:00:03,sell,0.01,GBPJPYm,213.326,213.669,212.64,213.52300000000002,-1.25,20260010,SMA_SQ_CLOSE
42734225,2026.05.13 18:35:03,2026.05.13 20:05:40,sell,0.2,GBPUSD,1.35213,1.35416,1.34692,1.35163,1578.0,20250001,[sl 1.35163]
1790242635,2026.05.13 20:50:03,2026.05.13 21:27:19,buy,0.01,USDJPYm,157.918,157.615,158.221,157.615,-1.92,20250001,[sl 157.615]
1790257493,2026.05.13 21:08:09,2026.05.13 21:29:26,sell,0.01,GBPJPYm,213.23600000000002,213.548,212.611,213.548,-1.98,20260010,[sl 213.548]
42737320,2026.05.14 00:05:02,2026.05.14 00:27:19,buy,0.2,USDJPY,157.893,157.621,158.165,157.544,-6980.0,20250001,[sl 157.621]
42737452,2026.05.14 00:28:02,2026.05.14 03:02:04,buy,0.2,USDJPY,157.825,157.449,158.201,157.85,500.0,20250001,[sl 157.851]
1792340802,2026.05.14 05:10:04,2026.05.14 06:42:02,buy,0.01,GBPJPYm,213.46599999999998,212.879,214.361,213.488,0.14,20250001,[sl 213.488]
1789989765,2026.05.13 18:55:04,2026.05.14 07:33:07,sell,0.01,GBPUSDm,1.3519,1.35375,1.34727,1.3517000000000001,0.2,20250001,[sl 1.35170]
42736414,2026.05.13 21:55:02,2026.05.14 08:39:22,sell,0.2,GBPUSD,1.35199,1.35385,1.34734,1.35168,979.0,20250001,[sl 1.35168]
1793266255,2026.05.14 08:00:24,2026.05.14 09:00:31,sell,0.01,GBPJPYm,213.296,213.574,212.741,213.496,-1.27,20260010,SMA_SQ_CLOSE
42744884,2026.05.14 08:10:02,2026.05.14 09:40:53,buy,0.2,GBPJPY,213.457,212.84,214.382,213.52,1260.0,20250001,[sl 213.523]
42749289,2026.05.14 11:00:23,2026.05.14 12:00:29,sell,0.2,GBPJPY,213.293,213.581,212.723,213.487,-3880.0,20260010,SMA_SQ_CLOSE
1794456316,2026.05.14 12:00:46,2026.05.14 13:00:55,sell,0.01,GBPJPYm,213.268,213.557,212.691,213.398,-0.82,20260010,SMA_SQ_CLOSE
42757847,2026.05.14 16:39:03,2026.05.14 16:44:55,buy,0.2,GBPJPY,213.426,212.772,214.389,212.771,-13100.0,20250001,[sl 212.772]
1803687257,2026.05.15 12:00:05,2026.05.15 13:07:26,sell,0.01,GBPUSDm,1.3358800000000002,1.3379400000000001,1.33176,1.33588,0.0,20260010,[sl 1.33588]
42791157,2026.05.15 15:00:02,2026.05.15 16:12:27,sell,0.2,GBPUSD,1.33591,1.33798,1.3317700000000001,1.33593,-63.0,20260010,[sl 1.33591]
1806110687,2026.05.15 17:00:06,2026.05.15 18:14:19,sell,0.01,EURJPYm,184.565,184.94,184.002,184.542,0.14,20250001,[sl 184.542]
42802363,2026.05.15 20:00:04,2026.05.15 21:21:04,sell,0.2,EURJPY,184.57,184.968,183.979,184.506,1280.0,20250001,[sl 184.503]
