pair,entry_t,exit_t,net_pips,net_jpy
CADCHF,2015-11-12 20:00:00+00:00,2015-11-13 16:00:00+00:00,4.220999999999975,7808.849999999954
CADCHF,2015-11-17 12:00:00+00:00,2015-11-23 08:00:00+00:00,1.7575000000003849,3251.375000000712
AUDCAD,2015-11-12 04:00:00+00:00,2015-11-24 00:00:00+00:00,-45.519999999999776,-49161.59999999976
AUDCAD,2015-12-01 04:00:00+00:00,2015-12-01 12:00:00+00:00,-52.44767860305898,-56643.4928913037
CADCHF,2015-11-25 12:00:00+00:00,2015-12-01 20:00:00+00:00,2.8587499999998833,5288.687499999784
CADCHF,2015-12-02 20:00:00+00:00,2015-12-03 08:00:00+00:00,11.919500000000028,22051.07500000005
CADCHF,2015-12-03 16:00:00+00:00,2015-12-03 16:00:00+00:00,7.580364996285727,14023.675243128595
AUDCAD,2015-12-01 20:00:00+00:00,2015-12-08 08:00:00+00:00,18.21874999999984,19676.24999999983
AUDCAD,2015-12-10 04:00:00+00:00,2015-12-15 16:00:00+00:00,19.867499999999318,21456.899999999263
CADCHF,2015-12-04 00:00:00+00:00,2015-12-15 20:00:00+00:00,-51.95394489606017,-96114.79805771132
CADCHF,2015-12-20 20:00:00+00:00,2015-12-23 12:00:00+00:00,7.7190000000001975,14280.150000000365
AUDCAD,2015-12-16 20:00:00+00:00,2015-12-29 08:00:00+00:00,-21.755000000000024,-23495.400000000027
CADCHF,2015-12-29 16:00:00+00:00,2015-12-30 12:00:00+00:00,8.698999999999957,16093.149999999921
CADCHF,2015-12-31 16:00:00+00:00,2015-12-31 16:00:00+00:00,-6.535754638216372,-12091.146080700288
AUDCAD,2015-12-30 16:00:00+00:00,2015-12-31 16:00:00+00:00,8.829500000000001,9535.86
CADCHF,2016-01-03 20:00:00+00:00,2016-01-04 04:00:00+00:00,19.05400000000007,35249.900000000125
CADCHF,2016-01-05 12:00:00+00:00,2016-01-06 08:00:00+00:00,16.860000000000042,31191.000000000076
AUDCAD,2016-01-04 16:00:00+00:00,2016-01-12 12:00:00+00:00,-4.873499999999997,-5263.379999999997
CADCHF,2016-01-07 12:00:00+00:00,2016-01-13 08:00:00+00:00,17.361249999999746,32118.31249999953
AUDCAD,2016-01-14 20:00:00+00:00,2016-01-15 16:00:00+00:00,9.947000000000017,10742.760000000018
AUDCAD,2016-01-19 20:00:00+00:00,2016-01-20 12:00:00+00:00,6.588000000000017,7115.040000000018
CADCHF,2016-01-15 08:00:00+00:00,2016-01-21 00:00:00+00:00,8.676249999999982,16051.062499999967
AUDCAD,2016-01-22 16:00:00+00:00,2016-01-28 08:00:00+00:00,8.854999999999945,9563.399999999941
CADCHF,2016-01-22 08:00:00+00:00,2016-02-03 00:00:00+00:00,-27.61687499999983,-51091.21874999969
AUDCAD,2016-02-03 16:00:00+00:00,2016-02-03 16:00:00+00:00,7.177999999999996,7752.239999999996
AUDCAD,2016-02-05 16:00:00+00:00,2016-02-08 16:00:00+00:00,7.5142500000000325,8115.390000000035
AUDCAD,2016-02-09 04:00:00+00:00,2016-02-10 08:00:00+00:00,43.763749999999874,47264.84999999986
CADCHF,2016-02-05 16:00:00+00:00,2016-02-15 00:00:00+00:00,-96.22136890837889,-178009.53248050096
AUDCAD,2016-02-18 04:00:00+00:00,2016-02-19 20:00:00+00:00,16.533750000000236,17856.450000000255
CADCHF,2016-02-17 16:00:00+00:00,2016-02-23 12:00:00+00:00,10.746999999999785,19881.9499999996
AUDCAD,2016-02-23 08:00:00+00:00,2016-02-24 20:00:00+00:00,14.308000000000167,15452.64000000018
AUDCAD,2016-02-26 16:00:00+00:00,2016-03-02 12:00:00+00:00,117.67250000000118,127086.30000000127
CADCHF,2016-02-25 20:00:00+00:00,2016-03-04 12:00:00+00:00,-13.452500000000228,-24887.125000000422
CADCHF,2016-03-07 12:00:00+00:00,2016-03-08 12:00:00+00:00,36.46124999999986,67453.31249999974
CADCHF,2016-03-09 20:00:00+00:00,2016-03-10 12:00:00+00:00,39.42125000000026,72929.31250000048
AUDCAD,2016-03-14 04:00:00+00:00,2016-03-14 16:00:00+00:00,16.004000000000307,17284.32000000033
AUDCAD,2016-03-17 00:00:00+00:00,2016-03-17 00:00:00+00:00,13.437500000000169,14512.500000000182
AUDCAD,2016-03-20 20:00:00+00:00,2016-03-22 04:00:00+00:00,13.63399999999988,14724.71999999987
AUDCAD,2016-03-24 16:00:00+00:00,2016-03-28 16:00:00+00:00,6.626000000000198,7156.080000000215
CADCHF,2016-03-24 08:00:00+00:00,2016-03-29 08:00:00+00:00,6.068499999999978,11226.724999999959
AUDCAD,2016-03-29 12:00:00+00:00,2016-03-29 12:00:00+00:00,8.847500000000075,9555.300000000081
AUDCAD,2016-03-30 08:00:00+00:00,2016-03-30 12:00:00+00:00,10.337000000000218,11163.960000000236
AUDCAD,2016-04-01 12:00:00+00:00,2016-04-04 00:00:00+00:00,7.17399999999997,7747.919999999968
CADCHF,2016-04-03 20:00:00+00:00,2016-04-08 12:00:00+00:00,12.082499999999857,22352.624999999738
AUDCAD,2016-04-07 12:00:00+00:00,2016-04-14 04:00:00+00:00,5.213750000000015,5630.850000000017
CADCHF,2016-04-11 16:00:00+00:00,2016-04-18 04:00:00+00:00,-19.49208364790772,-36060.35474862928
AUDCAD,2016-04-15 16:00:00+00:00,2016-04-20 12:00:00+00:00,8.382499999999693,9053.09999999967
CADCHF,2016-04-20 16:00:00+00:00,2016-04-28 08:00:00+00:00,18.087765678855895,33462.36650588341
AUDCAD,2016-04-22 16:00:00+00:00,2016-05-03 04:00:00+00:00,-58.467500000001,-63144.900000001086
CADCHF,2016-04-29 20:00:00+00:00,2016-05-03 08:00:00+00:00,-32.18442011335015,-59541.17720969778
CADCHF,2016-05-03 16:00:00+00:00,2016-05-10 12:00:00+00:00,5.276249999999955,9761.062499999916
AUDCAD,2016-05-06 08:00:00+00:00,2016-05-10 12:00:00+00:00,13.650500000000187,14742.540000000203
AUDCAD,2016-05-12 12:00:00+00:00,2016-05-17 00:00:00+00:00,9.615499999999734,10384.739999999712
CADCHF,2016-05-17 04:00:00+00:00,2016-05-17 12:00:00+00:00,12.171499999999947,22517.2749999999
AUDCAD,2016-05-23 04:00:00+00:00,2016-05-24 04:00:00+00:00,10.270500000000027,11092.140000000029
CADCHF,2016-05-22 20:00:00+00:00,2016-05-24 12:00:00+00:00,4.75999999999982,8805.999999999667
AUDCAD,2016-05-25 20:00:00+00:00,2016-05-31 00:00:00+00:00,23.898750000000188,25810.6500000002
CADCHF,2016-05-25 20:00:00+00:00,2016-05-31 08:00:00+00:00,36.33125395020925,67212.81980788712
AUDCAD,2016-06-01 04:00:00+00:00,2016-06-06 16:00:00+00:00,11.185999999999874,12080.879999999865
CADCHF,2016-06-05 20:00:00+00:00,2016-06-06 16:00:00+00:00,7.992999999999862,14787.049999999745
CADCHF,2016-06-12 20:00:00+00:00,2016-06-13 08:00:00+00:00,5.655000000000133,10461.750000000246
AUDCAD,2016-06-10 20:00:00+00:00,2016-06-13 20:00:00+00:00,12.187999999999821,13163.039999999806
CADCHF,2016-06-14 00:00:00+00:00,2016-06-20 08:00:00+00:00,10.956249999999972,20269.06249999995
AUDCAD,2016-06-15 16:00:00+00:00,2016-06-24 00:00:00+00:00,49.97500000000099,53973.00000000107
AUDCAD,2016-06-24 20:00:00+00:00,2016-06-27 16:00:00+00:00,9.761750000000102,10542.69000000011
CADCHF,2016-06-28 08:00:00+00:00,2016-06-28 12:00:00+00:00,4.742500000000066,8773.625000000122
CADCHF,2016-06-29 20:00:00+00:00,2016-06-30 12:00:00+00:00,14.52499999999983,26871.249999999683
AUDCAD,2016-07-05 20:00:00+00:00,2016-07-06 04:00:00+00:00,4.6869999999998635,5061.959999999853
AUDCAD,2016-07-06 12:00:00+00:00,2016-07-06 12:00:00+00:00,-4.796874841574561,-5180.624828900526
AUDCAD,2016-07-06 20:00:00+00:00,2016-07-07 12:00:00+00:00,6.701000000000047,7237.080000000051
AUDCAD,2016-07-08 12:00:00+00:00,2016-07-08 12:00:00+00:00,-10.179744570827731,-10994.12413649395
CADCHF,2016-07-11 16:00:00+00:00,2016-07-12 08:00:00+00:00,18.72000000000004,34632.00000000008
CADCHF,2016-07-12 16:00:00+00:00,2016-07-13 12:00:00+00:00,25.726250000000032,47593.56250000006
AUDCAD,2016-07-08 20:00:00+00:00,2016-07-14 16:00:00+00:00,5.955625000000076,6432.075000000082
CADCHF,2016-07-14 04:00:00+00:00,2016-07-18 12:00:00+00:00,6.547999999999944,12113.799999999897
AUDCAD,2016-07-19 04:00:00+00:00,2016-07-22 00:00:00+00:00,12.584375000000314,13591.125000000338
CADCHF,2016-07-21 20:00:00+00:00,2016-07-26 20:00:00+00:00,2.9900000000000215,5531.50000000004
AUDCAD,2016-07-25 20:00:00+00:00,2016-08-01 16:00:00+00:00,57.12750000000044,61697.70000000047
CADCHF,2016-07-29 08:00:00+00:00,2016-08-03 16:00:00+00:00,13.625000000000304,25206.25000000056
AUDCAD,2016-08-02 16:00:00+00:00,2016-08-11 16:00:00+00:00,0.38625000000058796,417.150000000635
CADCHF,2016-08-11 20:00:00+00:00,2016-08-16 04:00:00+00:00,4.222500000000185,7811.625000000342
AUDCAD,2016-08-12 16:00:00+00:00,2016-08-22 12:00:00+00:00,-11.543499999999973,-12466.97999999997
CADCHF,2016-08-22 20:00:00+00:00,2016-08-24 08:00:00+00:00,8.072000000000024,14933.200000000044
CADCHF,2016-08-26 12:00:00+00:00,2016-08-31 12:00:00+00:00,11.225000000000458,20766.250000000848
AUDCAD,2016-09-01 04:00:00+00:00,2016-09-02 12:00:00+00:00,13.879999999999336,14990.399999999283
AUDCAD,2016-09-05 16:00:00+00:00,2016-09-06 00:00:00+00:00,9.082000000000434,9808.560000000469
CADCHF,2016-09-02 16:00:00+00:00,2016-09-07 12:00:00+00:00,24.32172073298139,44995.18335601557
AUDCAD,2016-09-08 08:00:00+00:00,2016-09-09 04:00:00+00:00,34.31375000000059,37058.85000000064
CADCHF,2016-09-12 08:00:00+00:00,2016-09-19 00:00:00+00:00,-2.491000000000076,-4608.35000000014
CADCHF,2016-09-23 20:00:00+00:00,2016-09-28 16:00:00+00:00,10.148750000000346,18775.18750000064
AUDCAD,2016-09-19 04:00:00+00:00,2016-09-29 04:00:00+00:00,-102.68000000000032,-110894.40000000034
CADCHF,2016-10-09 20:00:00+00:00,2016-10-10 08:00:00+00:00,6.340500000000027,11729.92500000005
AUDCAD,2016-10-11 04:00:00+00:00,2016-10-12 08:00:00+00:00,14.120000000000088,15249.600000000095
CADCHF,2016-10-10 16:00:00+00:00,2016-10-13 04:00:00+00:00,8.162499999999795,15100.624999999622
CADCHF,2016-10-14 20:00:00+00:00,2016-10-20 08:00:00+00:00,4.558000000000007,8432.300000000012
CADCHF,2016-10-21 20:00:00+00:00,2016-10-25 12:00:00+00:00,18.00748416660286,33313.845708215296
AUDCAD,2016-10-19 16:00:00+00:00,2016-10-27 16:00:00+00:00,-15.485000000000305,-16723.80000000033
CADCHF,2016-10-28 20:00:00+00:00,2016-11-01 16:00:00+00:00,-37.0417548148976,-68527.24640756057
CADCHF,2016-11-02 00:00:00+00:00,2016-11-08 08:00:00+00:00,11.334999999999956,20969.74999999992
AUDCAD,2016-11-01 04:00:00+00:00,2016-11-09 00:00:00+00:00,-0.9812500000001777,-1059.750000000192
CADCHF,2016-11-09 04:00:00+00:00,2016-11-09 04:00:00+00:00,-2.6276755295302765,-4861.199729631012
AUDCAD,2016-11-09 12:00:00+00:00,2016-11-09 16:00:00+00:00,6.399000000000021,6910.920000000023
AUDCAD,2016-11-10 16:00:00+00:00,2016-11-22 12:00:00+00:00,-140.3299999999998,-151556.3999999998
CADCHF,2016-11-15 16:00:00+00:00,2016-11-25 08:00:00+00:00,-7.765250000000084,-14365.712500000156
AUDCAD,2016-11-28 08:00:00+00:00,2016-11-30 08:00:00+00:00,8.5257500000002,9207.810000000216
AUDCAD,2016-12-01 16:00:00+00:00,2016-12-08 08:00:00+00:00,4.099250000000199,4427.190000000214
CADCHF,2016-11-30 12:00:00+00:00,2016-12-08 12:00:00+00:00,-17.153603002593666,-31734.16555479828
CADCHF,2016-12-08 20:00:00+00:00,2016-12-08 20:00:00+00:00,-1.2865879054143043,-2380.1876250164632
AUDCAD,2016-12-08 20:00:00+00:00,2016-12-13 12:00:00+00:00,10.643125000000142,11494.575000000154
CADCHF,2016-12-09 04:00:00+00:00,2016-12-14 16:00:00+00:00,9.651250000000307,17854.812500000568
CADCHF,2016-12-19 16:00:00+00:00,2016-12-20 12:00:00+00:00,10.95050000000003,20258.425000000057
CADCHF,2016-12-22 00:00:00+00:00,2016-12-22 12:00:00+00:00,-24.046371226127654,-44485.78676833616
AUDCAD,2016-12-16 16:00:00+00:00,2016-12-26 00:00:00+00:00,-1.4281249999995578,-1542.3749999995223
AUDCAD,2016-12-27 20:00:00+00:00,2016-12-28 20:00:00+00:00,41.76000000000124,45100.80000000134
CADCHF,2016-12-22 20:00:00+00:00,2016-12-29 20:00:00+00:00,-20.57265307509587,-38059.408188927366
CADCHF,2017-01-01 20:00:00+00:00,2017-01-02 00:00:00+00:00,0.8799999999999644,1627.999999999934
AUDCAD,2017-01-01 20:00:00+00:00,2017-01-02 08:00:00+00:00,-16.019595027826394,-17301.162630052506
CADCHF,2017-01-02 16:00:00+00:00,2017-01-03 08:00:00+00:00,-4.401452382925025,-8142.686908411296
AUDCAD,2017-01-02 16:00:00+00:00,2017-01-03 16:00:00+00:00,14.820000000000011,16005.600000000011
CADCHF,2017-01-03 16:00:00+00:00,2017-01-10 08:00:00+00:00,11.94250000000016,22093.6250000003
CADCHF,2017-01-11 16:00:00+00:00,2017-01-12 12:00:00+00:00,7.967499999999849,14739.874999999722
CADCHF,2017-01-18 12:00:00+00:00,2017-01-18 16:00:00+00:00,-6.2857323029160135,-11628.604760394624
AUDCAD,2017-01-10 04:00:00+00:00,2017-01-20 04:00:00+00:00,-102.93499999999972,-111169.7999999997
CADCHF,2017-01-19 00:00:00+00:00,2017-01-24 16:00:00+00:00,-29.9045195369268,-55323.36114331458
AUDCAD,2017-02-02 08:00:00+00:00,2017-02-02 12:00:00+00:00,-35.19984772277151,-38015.83554059323
AUDCAD,2017-02-02 20:00:00+00:00,2017-02-10 12:00:00+00:00,-6.845000000000034,-7392.600000000037
AUDCAD,2017-02-15 20:00:00+00:00,2017-02-16 08:00:00+00:00,24.927499999999213,26921.69999999915
CADCHF,2017-02-10 16:00:00+00:00,2017-02-16 12:00:00+00:00,5.6915000000001275,10529.275000000236
AUDCAD,2017-02-22 08:00:00+00:00,2017-02-24 08:00:00+00:00,23.524999999999242,25406.99999999918
CADCHF,2017-02-28 08:00:00+00:00,2017-02-28 12:00:00+00:00,-13.482198539489424,-24942.067298055434
AUDCAD,2017-02-28 16:00:00+00:00,2017-03-02 12:00:00+00:00,27.97249999999962,30210.299999999588
CADCHF,2017-02-28 20:00:00+00:00,2017-03-07 12:00:00+00:00,25.592293722137175,47345.74338595377
CADCHF,2017-03-09 12:00:00+00:00,2017-03-09 16:00:00+00:00,-7.3060258322653056,-13516.147789690815
AUDCAD,2017-03-13 16:00:00+00:00,2017-03-14 00:00:00+00:00,6.227500000000008,6725.700000000009
CADCHF,2017-03-10 00:00:00+00:00,2017-03-15 16:00:00+00:00,2.7524999999998805,5092.124999999779
CADCHF,2017-03-16 20:00:00+00:00,2017-03-20 20:00:00+00:00,4.202999999999902,7775.549999999818
AUDCAD,2017-03-15 20:00:00+00:00,2017-03-22 00:00:00+00:00,2.4925000000001205,2691.90000000013
CADCHF,2017-03-21 20:00:00+00:00,2017-03-22 12:00:00+00:00,-26.700613919497435,-49396.13575107026
CADCHF,2017-03-24 16:00:00+00:00,2017-03-27 12:00:00+00:00,-15.59605516875223,-28852.702062191624
CADCHF,2017-03-27 20:00:00+00:00,2017-03-28 16:00:00+00:00,11.332000000000065,20964.20000000012
AUDCAD,2017-04-02 20:00:00+00:00,2017-04-03 12:00:00+00:00,8.196999999999521,8852.759999999484
CADCHF,2017-03-30 16:00:00+00:00,2017-04-04 12:00:00+00:00,10.22800000000007,18921.80000000013
AUDCAD,2017-04-07 04:00:00+00:00,2017-04-13 12:00:00+00:00,-3.317499999999751,-3582.8999999997313
CADCHF,2017-04-10 12:00:00+00:00,2017-04-14 08:00:00+00:00,10.158749999999968,18793.687499999938
CADCHF,2017-04-18 12:00:00+00:00,2017-04-18 12:00:00+00:00,-3.7190265918374816,-6880.199194899341
AUDCAD,2017-04-21 16:00:00+00:00,2017-04-26 12:00:00+00:00,28.904999999999625,31217.399999999594
CADCHF,2017-04-18 20:00:00+00:00,2017-04-28 20:00:00+00:00,-98.48205728428633,-182191.80597592972
AUDCAD,2017-05-01 12:00:00+00:00,2017-05-03 12:00:00+00:00,3.7692499999999245,4070.7899999999186
CADCHF,2017-05-02 16:00:00+00:00,2017-05-08 00:00:00+00:00,28.191250000000196,52153.812500000364
CADCHF,2017-05-09 12:00:00+00:00,2017-05-12 12:00:00+00:00,7.751500000000078,14340.275000000145
AUDCAD,2017-05-18 04:00:00+00:00,2017-05-18 12:00:00+00:00,4.2032499999999695,4539.5099999999675
CADCHF,2017-05-16 20:00:00+00:00,2017-05-24 04:00:00+00:00,-11.2637499999996,-20837.93749999926
AUDCAD,2017-05-24 16:00:00+00:00,2017-05-30 12:00:00+00:00,0.7822499999998513,844.8299999998394
CADCHF,2017-05-31 16:00:00+00:00,2017-05-31 16:00:00+00:00,-1.855580515214755,-3432.823953147297
AUDCAD,2017-06-01 16:00:00+00:00,2017-06-02 12:00:00+00:00,11.1105000000002,11999.340000000217
CADCHF,2017-06-01 00:00:00+00:00,2017-06-07 08:00:00+00:00,1.3740000000001533,2541.900000000284
CADCHF,2017-06-09 16:00:00+00:00,2017-06-12 16:00:00+00:00,-8.11433790849142,-15011.525130709126
AUDCAD,2017-06-05 12:00:00+00:00,2017-06-12 16:00:00+00:00,-1.1650000000004157,-1258.2000000004489
CADCHF,2017-06-13 00:00:00+00:00,2017-06-13 00:00:00+00:00,-2.399308359650104,-4438.720465352692
AUDCAD,2017-06-13 08:00:00+00:00,2017-06-16 12:00:00+00:00,7.673749999999902,8287.649999999894
CADCHF,2017-06-13 08:00:00+00:00,2017-06-20 12:00:00+00:00,-3.8806249999999283,-7179.156249999867
CADCHF,2017-06-22 00:00:00+00:00,2017-06-22 12:00:00+00:00,8.596500000000063,15903.525000000116
AUDCAD,2017-06-22 16:00:00+00:00,2017-06-23 12:00:00+00:00,33.703749999999474,36400.04999999943
CADCHF,2017-06-30 20:00:00+00:00,2017-07-06 20:00:00+00:00,15.948749999999928,29505.187499999865
AUDCAD,2017-06-28 12:00:00+00:00,2017-07-10 08:00:00+00:00,-36.67999999999982,-39614.399999999805
CADCHF,2017-07-07 16:00:00+00:00,2017-07-12 08:00:00+00:00,7.1024999999999565,13139.62499999992
CADCHF,2017-07-12 16:00:00+00:00,2017-07-12 16:00:00+00:00,-3.5406040876871105,-6550.117562221155
CADCHF,2017-07-13 00:00:00+00:00,2017-07-18 12:00:00+00:00,9.619375000000193,17795.843750000357
AUDCAD,2017-07-18 04:00:00+00:00,2017-07-21 00:00:00+00:00,39.13249999999957,42263.09999999953
CADCHF,2017-07-25 20:00:00+00:00,2017-07-26 08:00:00+00:00,-23.562748162290784,-43591.08410023795
AUDCAD,2017-08-01 04:00:00+00:00,2017-08-01 12:00:00+00:00,7.650499999999983,8262.539999999983
CADCHF,2017-07-26 16:00:00+00:00,2017-08-02 04:00:00+00:00,-2.5837499999996894,-4779.937499999425
CADCHF,2017-08-09 04:00:00+00:00,2017-08-09 08:00:00+00:00,-29.460319866023767,-54501.59175214397
CADCHF,2017-08-09 16:00:00+00:00,2017-08-14 12:00:00+00:00,10.096249999999959,18678.062499999924
AUDCAD,2017-08-14 16:00:00+00:00,2017-08-15 00:00:00+00:00,5.836999999999826,6303.959999999812
AUDCAD,2017-08-15 16:00:00+00:00,2017-08-16 08:00:00+00:00,7.610000000000072,8218.800000000077
AUDCAD,2017-08-22 08:00:00+00:00,2017-08-22 12:00:00+00:00,-21.65323145830844,-23385.489974973116
CADCHF,2017-08-22 16:00:00+00:00,2017-08-25 12:00:00+00:00,4.9435000000001565,9145.47500000029
AUDCAD,2017-08-22 20:00:00+00:00,2017-08-28 12:00:00+00:00,-1.2620000000001406,-1362.960000000152
CADCHF,2017-08-29 00:00:00+00:00,2017-08-29 08:00:00+00:00,-22.61728168699742,-41841.97112094523
AUDCAD,2017-08-30 04:00:00+00:00,2017-08-31 12:00:00+00:00,6.149749999999932,6641.729999999926
CADCHF,2017-08-29 16:00:00+00:00,2017-08-31 12:00:00+00:00,16.255999999999993,30073.599999999988
CADCHF,2017-09-01 16:00:00+00:00,2017-09-13 12:00:00+00:00,-30.30000000000006,-56055.00000000012
AUDCAD,2017-09-06 16:00:00+00:00,2017-09-15 12:00:00+00:00,-6.924374999999927,-7478.324999999921
CADCHF,2017-09-19 08:00:00+00:00,2017-09-21 00:00:00+00:00,13.056999999999817,24155.449999999662
AUDCAD,2017-09-19 04:00:00+00:00,2017-09-21 12:00:00+00:00,12.81375000000018,13838.850000000195
AUDCAD,2017-09-27 04:00:00+00:00,2017-09-29 12:00:00+00:00,10.720499999999866,11578.139999999856
CADCHF,2017-09-27 20:00:00+00:00,2017-10-04 04:00:00+00:00,3.1425000000002568,5813.625000000475
AUDCAD,2017-10-06 16:00:00+00:00,2017-10-12 12:00:00+00:00,9.542500000000453,10305.900000000489
AUDCAD,2017-10-13 16:00:00+00:00,2017-10-13 16:00:00+00:00,-3.9969430844526865,-4316.698531208902
CADCHF,2017-10-16 12:00:00+00:00,2017-10-17 04:00:00+00:00,14.984999999999223,27722.249999998563
AUDCAD,2017-10-15 20:00:00+00:00,2017-10-18 12:00:00+00:00,32.49500000000061,35094.60000000066
CADCHF,2017-10-18 12:00:00+00:00,2017-10-18 12:00:00+00:00,-5.674206081932642,-10497.281251575387
CADCHF,2017-10-18 20:00:00+00:00,2017-10-19 12:00:00+00:00,27.195000000000054,50310.7500000001
CADCHF,2017-10-25 16:00:00+00:00,2017-10-27 20:00:00+00:00,29.20500000000012,54029.25000000022
AUDCAD,2017-11-01 08:00:00+00:00,2017-11-03 00:00:00+00:00,6.820500000000074,7366.140000000079
CADCHF,2017-11-03 16:00:00+00:00,2017-11-09 20:00:00+00:00,5.867500000000332,10854.875000000615
CADCHF,2017-11-14 16:00:00+00:00,2017-11-14 16:00:00+00:00,-1.0480221492739634,-1938.8409761568323
AUDCAD,2017-11-03 16:00:00+00:00,2017-11-15 12:00:00+00:00,-84.27999999999992,-91022.3999999999
AUDCAD,2017-11-17 08:00:00+00:00,2017-11-21 08:00:00+00:00,27.45624999999996,29652.74999999996
CADCHF,2017-11-15 00:00:00+00:00,2017-11-21 12:00:00+00:00,2.5987499999999564,4807.687499999919
AUDCAD,2017-11-27 20:00:00+00:00,2017-12-01 12:00:00+00:00,2.2074999999992526,2384.0999999991927
CADCHF,2017-11-27 20:00:00+00:00,2017-12-01 12:00:00+00:00,17.175000000000026,31773.750000000047
CADCHF,2017-12-04 12:00:00+00:00,2017-12-07 12:00:00+00:00,4.585250000000069,8482.712500000127
CADCHF,2017-12-18 12:00:00+00:00,2017-12-20 12:00:00+00:00,3.8349999999999778,7094.749999999959
AUDCAD,2017-12-12 12:00:00+00:00,2017-12-21 04:00:00+00:00,-72.8799999999995,-78710.39999999946
AUDCAD,2017-12-29 08:00:00+00:00,2017-12-29 12:00:00+00:00,6.3255000000001615,6831.540000000175
CADCHF,2017-12-21 16:00:00+00:00,2017-12-29 16:00:00+00:00,-0.38649999999990037,-715.0249999998157
AUDCAD,2018-01-03 04:00:00+00:00,2018-01-03 08:00:00+00:00,5.4740000000003795,5911.92000000041
CADCHF,2018-01-02 12:00:00+00:00,2018-01-03 08:00:00+00:00,7.076500000000097,13091.52500000018
AUDCAD,2018-01-04 16:00:00+00:00,2018-01-05 00:00:00+00:00,6.414999999999793,6928.199999999777
AUDCAD,2018-01-05 16:00:00+00:00,2018-01-10 12:00:00+00:00,9.500624999999706,10260.674999999683
CADCHF,2018-01-05 16:00:00+00:00,2018-01-10 12:00:00+00:00,16.85749999999972,31186.374999999483
CADCHF,2018-01-19 08:00:00+00:00,2018-01-22 16:00:00+00:00,3.835749999999999,7096.137499999998
AUDCAD,2018-01-11 04:00:00+00:00,2018-01-23 00:00:00+00:00,-9.73000000000004,-10508.400000000043
CADCHF,2018-01-24 16:00:00+00:00,2018-01-25 12:00:00+00:00,-26.51387272449559,-49050.664540316844
AUDCAD,2018-01-26 20:00:00+00:00,2018-01-29 16:00:00+00:00,3.849499999999928,4157.459999999922
CADCHF,2018-01-25 20:00:00+00:00,2018-02-06 16:00:00+00:00,-13.961009836079587,-25827.868196747237
AUDCAD,2018-01-31 20:00:00+00:00,2018-02-09 12:00:00+00:00,-16.583750000000563,-17910.45000000061
AUDCAD,2018-02-12 20:00:00+00:00,2018-02-14 12:00:00+00:00,3.5072500000000506,3787.8300000000545
CADCHF,2018-02-15 16:00:00+00:00,2018-02-20 08:00:00+00:00,6.97550000000019,12904.675000000352
CADCHF,2018-02-22 16:00:00+00:00,2018-02-23 12:00:00+00:00,28.532428882006965,52784.99343171289
CADCHF,2018-03-02 04:00:00+00:00,2018-03-02 08:00:00+00:00,-9.675904264069557,-17900.42288852868
CADCHF,2018-03-02 16:00:00+00:00,2018-03-07 16:00:00+00:00,17.84375000000013,33010.93750000024
AUDCAD,2018-03-02 20:00:00+00:00,2018-03-09 12:00:00+00:00,2.6950000000005594,2910.6000000006043
CADCHF,2018-03-09 20:00:00+00:00,2018-03-13 12:00:00+00:00,16.198000000000103,29966.300000000192
AUDCAD,2018-03-13 16:00:00+00:00,2018-03-16 12:00:00+00:00,27.499999999999964,29699.99999999996
CADCHF,2018-03-21 16:00:00+00:00,2018-03-26 12:00:00+00:00,20.29625000000032,37548.06250000059
AUDCAD,2018-03-21 04:00:00+00:00,2018-04-02 00:00:00+00:00,-22.999999999999954,-24839.99999999995
CADCHF,2018-03-28 16:00:00+00:00,2018-04-02 16:00:00+00:00,3.7794999999999916,6992.074999999984
AUDCAD,2018-04-03 16:00:00+00:00,2018-04-13 04:00:00+00:00,-19.682500000000267,-21257.10000000029
CADCHF,2018-04-03 16:00:00+00:00,2018-04-13 16:00:00+00:00,-76.24000000000022,-141044.0000000004
AUDCAD,2018-04-18 16:00:00+00:00,2018-04-19 16:00:00+00:00,24.827500000000448,26813.700000000485
AUDCAD,2018-04-30 16:00:00+00:00,2018-05-04 00:00:00+00:00,8.95874999999946,9675.449999999417
CADCHF,2018-04-30 16:00:00+00:00,2018-05-08 04:00:00+00:00,-4.593499999999972,-8497.974999999948
AUDCAD,2018-05-09 16:00:00+00:00,2018-05-11 12:00:00+00:00,38.557500000000026,41642.10000000003
CADCHF,2018-05-09 16:00:00+00:00,2018-05-15 08:00:00+00:00,14.892358328040645,27550.862906875194
CADCHF,2018-05-18 16:00:00+00:00,2018-05-21 20:00:00+00:00,12.444999999999986,23023.249999999975
AUDCAD,2018-05-18 16:00:00+00:00,2018-05-29 20:00:00+00:00,-33.77125000000002,-36472.950000000026
CADCHF,2018-05-23 04:00:00+00:00,2018-05-30 12:00:00+00:00,-16.08124999999985,-29750.312499999724
CADCHF,2018-06-05 16:00:00+00:00,2018-06-06 08:00:00+00:00,4.888750000000081,9044.18750000015
AUDCAD,2018-06-04 04:00:00+00:00,2018-06-08 08:00:00+00:00,14.287499999999788,15430.49999999977
CADCHF,2018-06-07 16:00:00+00:00,2018-06-08 12:00:00+00:00,4.8737499999999825,9016.437499999967
AUDCAD,2018-06-14 00:00:00+00:00,2018-06-20 04:00:00+00:00,0.2812499999998776,303.7499999998678
AUDCAD,2018-06-22 08:00:00+00:00,2018-06-22 12:00:00+00:00,-19.111438555775685,-20640.35364023774
AUDCAD,2018-06-22 20:00:00+00:00,2018-06-26 12:00:00+00:00,4.433249999999922,4787.909999999916
CADCHF,2018-06-18 16:00:00+00:00,2018-06-27 08:00:00+00:00,-33.514999999999986,-62002.74999999998
AUDCAD,2018-06-28 12:00:00+00:00,2018-07-06 04:00:00+00:00,-7.2493750000001125,-7829.325000000122
CADCHF,2018-06-28 16:00:00+00:00,2018-07-06 12:00:00+00:00,0.7350000000003476,1359.750000000643
AUDCAD,2018-07-09 08:00:00+00:00,2018-07-11 04:00:00+00:00,22.22500000000005,24003.000000000055
CADCHF,2018-07-12 00:00:00+00:00,2018-07-12 08:00:00+00:00,3.102499999999953,5739.624999999913
CADCHF,2018-07-12 16:00:00+00:00,2018-07-12 16:00:00+00:00,0.046140039998421756,85.35907399708024
CADCHF,2018-07-13 00:00:00+00:00,2018-07-17 08:00:00+00:00,16.259999999999692,30080.999999999432
CADCHF,2018-07-19 20:00:00+00:00,2018-07-20 12:00:00+00:00,9.500999999999927,17576.849999999864
AUDCAD,2018-07-23 16:00:00+00:00,2018-07-24 08:00:00+00:00,6.723499999999838,7261.379999999825
CADCHF,2018-07-25 20:00:00+00:00,2018-07-30 20:00:00+00:00,4.714500000000122,8721.825000000224
AUDCAD,2018-07-26 04:00:00+00:00,2018-07-31 00:00:00+00:00,16.59124999999961,17918.54999999958
AUDCAD,2018-08-02 20:00:00+00:00,2018-08-07 04:00:00+00:00,8.059000000000216,8703.720000000234
CADCHF,2018-08-03 04:00:00+00:00,2018-08-07 16:00:00+00:00,3.6010000000001323,6661.850000000245
CADCHF,2018-08-09 16:00:00+00:00,2018-08-14 20:00:00+00:00,19.38375000000034,35859.93750000063
AUDCAD,2018-08-14 08:00:00+00:00,2018-08-17 00:00:00+00:00,4.808750000000007,5193.450000000007
CADCHF,2018-08-29 16:00:00+00:00,2018-08-30 12:00:00+00:00,-15.964915819241336,-29535.09426559647
CADCHF,2018-08-30 20:00:00+00:00,2018-08-31 00:00:00+00:00,-27.084020852199018,-50105.43857656818
AUDCAD,2018-08-29 08:00:00+00:00,2018-09-04 04:00:00+00:00,1.4385000000000763,1553.5800000000825
AUDCAD,2018-09-06 16:00:00+00:00,2018-09-07 00:00:00+00:00,6.714500000000045,7251.660000000049
CADCHF,2018-08-31 08:00:00+00:00,2018-09-10 08:00:00+00:00,-20.951250000000115,-38759.81250000021
AUDCAD,2018-09-07 20:00:00+00:00,2018-09-13 12:00:00+00:00,2.0167499999999894,2178.0899999999883
CADCHF,2018-09-12 00:00:00+00:00,2018-09-17 04:00:00+00:00,7.209500000000036,13337.575000000066
AUDCAD,2018-09-19 16:00:00+00:00,2018-09-25 04:00:00+00:00,2.6087499999999153,2817.4499999999084
AUDCAD,2018-09-26 20:00:00+00:00,2018-09-26 20:00:00+00:00,-1.6124631011760426,-1741.460149270126
AUDCAD,2018-09-27 04:00:00+00:00,2018-09-27 12:00:00+00:00,5.899749999999848,6371.729999999836
CADCHF,2018-09-27 16:00:00+00:00,2018-09-28 16:00:00+00:00,-21.545990352054872,-39860.08215130151
AUDCAD,2018-09-28 16:00:00+00:00,2018-09-30 20:00:00+00:00,-17.967335789728864,-19404.722652907174
CADCHF,2018-09-30 20:00:00+00:00,2018-09-30 20:00:00+00:00,-1.8646199746422951,-3449.546953088246
CADCHF,2018-10-01 04:00:00+00:00,2018-10-08 00:00:00+00:00,2.0762500000000994,3841.0625000001837
AUDCAD,2018-10-01 04:00:00+00:00,2018-10-09 00:00:00+00:00,-35.939999999999856,-38815.199999999844
CADCHF,2018-10-10 20:00:00+00:00,2018-10-10 20:00:00+00:00,-5.042058747457167,-9327.80868279576
CADCHF,2018-10-11 04:00:00+00:00,2018-10-16 08:00:00+00:00,11.683000000000055,21613.5500000001
AUDCAD,2018-10-11 08:00:00+00:00,2018-10-16 12:00:00+00:00,2.6820000000000292,2896.560000000032
AUDCAD,2018-10-18 12:00:00+00:00,2018-10-19 12:00:00+00:00,-8.316872674120779,-8982.222488050442
AUDCAD,2018-10-19 20:00:00+00:00,2018-10-22 20:00:00+00:00,10.49450000000003,11334.060000000032
AUDCAD,2018-10-24 16:00:00+00:00,2018-10-25 12:00:00+00:00,8.232250000000029,8890.83000000003
CADCHF,2018-10-24 16:00:00+00:00,2018-10-26 04:00:00+00:00,11.242500000000211,20798.62500000039
CADCHF,2018-11-07 04:00:00+00:00,2018-11-08 08:00:00+00:00,13.356249999999708,24709.062499999458
AUDCAD,2018-10-30 16:00:00+00:00,2018-11-09 16:00:00+00:00,-43.459999999999994,-46936.799999999996
CADCHF,2018-11-09 20:00:00+00:00,2018-11-12 04:00:00+00:00,5.99299999999986,11087.049999999741
CADCHF,2018-11-14 20:00:00+00:00,2018-11-15 16:00:00+00:00,5.324499999999899,9850.324999999813
AUDCAD,2018-11-14 20:00:00+00:00,2018-11-16 08:00:00+00:00,30.071249999999768,32476.94999999975
CADCHF,2018-11-19 12:00:00+00:00,2018-11-19 12:00:00+00:00,-4.728702003502782,-8748.098706480147
AUDCAD,2018-11-16 20:00:00+00:00,2018-11-20 08:00:00+00:00,7.413000000000093,8006.0400000001
CADCHF,2018-11-19 20:00:00+00:00,2018-11-23 12:00:00+00:00,18.00822669357166,33315.21938310757
AUDCAD,2018-11-28 16:00:00+00:00,2018-11-28 16:00:00+00:00,-12.60969121757376,-13618.46651497966
CADCHF,2018-12-03 12:00:00+00:00,2018-12-04 16:00:00+00:00,9.055499999999828,16752.674999999683
AUDCAD,2018-11-29 00:00:00+00:00,2018-12-05 04:00:00+00:00,2.7012499999997113,2917.349999999688
AUDCAD,2018-12-07 08:00:00+00:00,2018-12-07 12:00:00+00:00,-4.956479341735731,-5352.997689074589
CADCHF,2018-12-05 16:00:00+00:00,2018-12-12 12:00:00+00:00,12.426249999999945,22988.562499999898
AUDCAD,2018-12-07 20:00:00+00:00,2018-12-13 04:00:00+00:00,18.71249999999991,20209.4999999999
CADCHF,2018-12-18 20:00:00+00:00,2018-12-20 16:00:00+00:00,-16.476731169718317,-30481.952663978886
CADCHF,2018-12-21 00:00:00+00:00,2018-12-26 20:00:00+00:00,1.329250000000032,2459.1125000000593
AUDCAD,2018-12-31 04:00:00+00:00,2019-01-02 00:00:00+00:00,5.403000000000225,5835.2400000002435
AUDCAD,2019-01-02 08:00:00+00:00,2019-01-02 12:00:00+00:00,-7.888825060388837,-8519.931065219944
AUDCAD,2019-01-02 20:00:00+00:00,2019-01-02 20:00:00+00:00,-2.9942058316728914,-3233.742298206723
AUDCAD,2019-01-03 04:00:00+00:00,2019-01-09 12:00:00+00:00,5.365250000000078,5794.470000000084
CADCHF,2019-01-03 16:00:00+00:00,2019-01-14 16:00:00+00:00,-7.031499999999996,-13008.274999999992
AUDCAD,2019-01-11 20:00:00+00:00,2019-01-16 08:00:00+00:00,8.296499999999885,8960.219999999876
CADCHF,2019-01-16 08:00:00+00:00,2019-01-22 16:00:00+00:00,-0.6665000000001804,-1233.0250000003336
AUDCAD,2019-01-24 08:00:00+00:00,2019-01-25 16:00:00+00:00,17.25500000000069,18635.400000000744
AUDCAD,2019-01-30 04:00:00+00:00,2019-01-30 12:00:00+00:00,7.376999999999923,7967.159999999917
CADCHF,2019-01-30 12:00:00+00:00,2019-01-30 12:00:00+00:00,-6.447055936907697,-11927.05348327924
AUDCAD,2019-01-30 20:00:00+00:00,2019-02-01 12:00:00+00:00,26.711250000000074,28848.15000000008
CADCHF,2019-01-30 20:00:00+00:00,2019-02-06 20:00:00+00:00,-0.45549999999999713,-842.6749999999947
CADCHF,2019-02-07 20:00:00+00:00,2019-02-10 20:00:00+00:00,9.142499999999776,16913.624999999585
AUDCAD,2019-02-06 04:00:00+00:00,2019-02-14 00:00:00+00:00,0.44312499999993366,478.57499999992837
AUDCAD,2019-02-14 16:00:00+00:00,2019-02-19 00:00:00+00:00,4.416500000000002,4769.820000000002
AUDCAD,2019-02-21 08:00:00+00:00,2019-02-25 12:00:00+00:00,29.75500000000042,32135.400000000453
CADCHF,2019-02-22 20:00:00+00:00,2019-02-25 16:00:00+00:00,4.57700000000022,8467.450000000408
CADCHF,2019-02-28 12:00:00+00:00,2019-02-28 16:00:00+00:00,7.894000000000013,14603.900000000023
AUDCAD,2019-02-28 20:00:00+00:00,2019-03-01 12:00:00+00:00,8.041000000000054,8684.280000000057
CADCHF,2019-03-01 16:00:00+00:00,2019-03-01 16:00:00+00:00,-4.681495710102512,-8660.767063689647
CADCHF,2019-03-03 20:00:00+00:00,2019-03-08 12:00:00+00:00,2.2215000000002654,4109.775000000491
CADCHF,2019-03-11 20:00:00+00:00,2019-03-15 12:00:00+00:00,3.5405000000001134,6549.92500000021
CADCHF,2019-03-18 16:00:00+00:00,2019-03-19 12:00:00+00:00,5.552500000000016,10272.12500000003
AUDCAD,2019-03-21 04:00:00+00:00,2019-03-27 12:00:00+00:00,0.7099999999999445,766.79999999994
CADCHF,2019-03-20 16:00:00+00:00,2019-03-28 12:00:00+00:00,-28.62551007123742,-52957.19363178923
AUDCAD,2019-03-31 20:00:00+00:00,2019-04-01 00:00:00+00:00,2.147999999999995,2319.8399999999942
CADCHF,2019-03-29 16:00:00+00:00,2019-04-01 16:00:00+00:00,-23.822173023908682,-44071.02009423106
AUDCAD,2019-04-01 20:00:00+00:00,2019-04-03 12:00:00+00:00,19.9324999999998,21527.099999999784
CADCHF,2019-04-02 00:00:00+00:00,2019-04-05 12:00:00+00:00,7.535499999999861,13940.674999999743
CADCHF,2019-04-09 12:00:00+00:00,2019-04-11 12:00:00+00:00,5.161499999999986,9548.774999999974
CADCHF,2019-04-16 16:00:00+00:00,2019-04-17 04:00:00+00:00,-13.428547435664377,-24842.8127559791
CADCHF,2019-04-17 12:00:00+00:00,2019-04-17 12:00:00+00:00,-4.640676387207831,-8585.251316334488
AUDCAD,2019-04-10 20:00:00+00:00,2019-04-18 12:00:00+00:00,8.478749999999867,9157.049999999856
CADCHF,2019-04-17 20:00:00+00:00,2019-04-24 04:00:00+00:00,-0.18650000000014444,-345.0250000002672
AUDCAD,2019-04-22 12:00:00+00:00,2019-04-29 12:00:00+00:00,9.027499999998632,9749.699999998522
CADCHF,2019-05-06 00:00:00+00:00,2019-05-07 00:00:00+00:00,16.470000000000176,30469.500000000327
AUDCAD,2019-05-06 00:00:00+00:00,2019-05-07 04:00:00+00:00,8.982000000000223,9700.560000000241
CADCHF,2019-05-09 16:00:00+00:00,2019-05-10 12:00:00+00:00,4.822250000000111,8921.162500000206
CADCHF,2019-05-13 00:00:00+00:00,2019-05-13 12:00:00+00:00,-5.4782322271680615,-10134.729620260914
CADCHF,2019-05-13 20:00:00+00:00,2019-05-16 08:00:00+00:00,13.093750000000057,24223.437500000106
CADCHF,2019-05-21 12:00:00+00:00,2019-05-22 16:00:00+00:00,5.252000000000201,9716.200000000372
AUDCAD,2019-05-12 20:00:00+00:00,2019-05-22 20:00:00+00:00,-28.69999999999999,-30995.99999999999
CADCHF,2019-05-23 16:00:00+00:00,2019-05-23 16:00:00+00:00,-4.399606529719879,-8139.272079981776
CADCHF,2019-05-24 00:00:00+00:00,2019-05-28 12:00:00+00:00,9.006000000000014,16661.100000000028
CADCHF,2019-05-31 12:00:00+00:00,2019-06-06 08:00:00+00:00,5.471255856363934,10121.823334273278
CADCHF,2019-06-10 00:00:00+00:00,2019-06-14 00:00:00+00:00,1.1069999999999416,2047.949999999892
CADCHF,2019-06-18 08:00:00+00:00,2019-06-18 12:00:00+00:00,5.892500000000023,10901.125000000044
AUDCAD,2019-06-06 20:00:00+00:00,2019-06-18 16:00:00+00:00,-58.109999999999985,-62758.79999999998
CADCHF,2019-06-19 00:00:00+00:00,2019-06-19 08:00:00+00:00,4.283500000000052,7924.475000000096
CADCHF,2019-06-21 16:00:00+00:00,2019-06-21 16:00:00+00:00,-1.813103078674133,-3354.240695547146
AUDCAD,2019-06-19 20:00:00+00:00,2019-06-24 00:00:00+00:00,18.60499999999943,20093.399999999383
CADCHF,2019-06-23 20:00:00+00:00,2019-06-26 08:00:00+00:00,20.363749999999875,37672.93749999977
AUDCAD,2019-07-01 16:00:00+00:00,2019-07-02 08:00:00+00:00,6.780499999999812,7322.939999999797
CADCHF,2019-07-01 04:00:00+00:00,2019-07-10 04:00:00+00:00,-11.97699999999996,-22157.449999999924
AUDCAD,2019-07-05 16:00:00+00:00,2019-07-11 12:00:00+00:00,2.350000000000075,2538.000000000081
CADCHF,2019-07-15 12:00:00+00:00,2019-07-16 08:00:00+00:00,4.950500000000025,9158.425000000047
CADCHF,2019-07-18 20:00:00+00:00,2019-07-22 12:00:00+00:00,-20.096814783660015,-37179.10734977103
AUDCAD,2019-07-15 16:00:00+00:00,2019-07-23 20:00:00+00:00,-6.26874999999971,-6770.249999999687
CADCHF,2019-07-22 20:00:00+00:00,2019-07-25 08:00:00+00:00,16.55249999999961,30622.12499999928
CADCHF,2019-08-01 20:00:00+00:00,2019-08-02 04:00:00+00:00,-13.180891071776472,-24384.648482786473
CADCHF,2019-08-02 12:00:00+00:00,2019-08-02 12:00:00+00:00,-2.698963513054375,-4993.082499150593
AUDCAD,2019-07-26 16:00:00+00:00,2019-08-07 12:00:00+00:00,-29.940000000000126,-32335.200000000135
CADCHF,2019-08-02 20:00:00+00:00,2019-08-13 12:00:00+00:00,-32.421249999999986,-59979.31249999998
AUDCAD,2019-08-15 16:00:00+00:00,2019-08-16 20:00:00+00:00,4.4315000000001215,4786.020000000131
AUDCAD,2019-08-23 20:00:00+00:00,2019-08-25 20:00:00+00:00,-10.068332849718908,-10873.79947769642
CADCHF,2019-08-23 16:00:00+00:00,2019-08-26 08:00:00+00:00,9.500000000000009,17575.00000000002
AUDCAD,2019-08-27 04:00:00+00:00,2019-08-30 16:00:00+00:00,1.4894999999998995,1608.6599999998914
AUDCAD,2019-09-03 12:00:00+00:00,2019-09-11 00:00:00+00:00,3.651250000000495,3943.3500000005342
CADCHF,2019-09-06 04:00:00+00:00,2019-09-12 12:00:00+00:00,-6.902499999999949,-12769.624999999905
AUDCAD,2019-09-11 20:00:00+00:00,2019-09-17 00:00:00+00:00,37.95499999999985,40991.399999999834
CADCHF,2019-09-24 20:00:00+00:00,2019-09-25 16:00:00+00:00,6.105499999999821,11295.174999999668
AUDCAD,2019-09-19 16:00:00+00:00,2019-10-01 12:00:00+00:00,-11.91999999999993,-12873.599999999926
CADCHF,2019-09-30 12:00:00+00:00,2019-10-02 12:00:00+00:00,15.855000000000256,29331.750000000473
AUDCAD,2019-10-01 20:00:00+00:00,2019-10-02 20:00:00+00:00,7.675749999999958,8289.809999999954
AUDCAD,2019-10-11 12:00:00+00:00,2019-10-11 12:00:00+00:00,10.146999999999863,10958.759999999853
CADCHF,2019-10-11 08:00:00+00:00,2019-10-11 12:00:00+00:00,-7.73999666642916,-14318.993832893946
AUDCAD,2019-10-14 08:00:00+00:00,2019-10-17 00:00:00+00:00,6.703124999999533,7239.374999999495
CADCHF,2019-10-11 20:00:00+00:00,2019-10-17 04:00:00+00:00,19.134999999999874,35399.74999999977
AUDCAD,2019-10-25 00:00:00+00:00,2019-10-29 04:00:00+00:00,8.385000000000264,9055.800000000285
CADCHF,2019-10-24 20:00:00+00:00,2019-10-30 04:00:00+00:00,0.9855000000000285,1823.1750000000527
CADCHF,2019-10-30 16:00:00+00:00,2019-11-05 08:00:00+00:00,17.881250000000485,33080.312500000895
AUDCAD,2019-10-30 16:00:00+00:00,2019-11-07 00:00:00+00:00,3.882500000001123,4193.100000001213
AUDCAD,2019-11-11 16:00:00+00:00,2019-11-12 04:00:00+00:00,4.0899999999996615,4417.199999999634
AUDCAD,2019-11-14 04:00:00+00:00,2019-11-14 12:00:00+00:00,-30.212388767714252,-32629.379869131393
CADCHF,2019-11-13 04:00:00+00:00,2019-11-18 12:00:00+00:00,2.0600898029003467,3811.1661353656414
AUDCAD,2019-11-14 20:00:00+00:00,2019-11-19 12:00:00+00:00,6.299000000000011,6802.920000000012
AUDCAD,2019-12-01 20:00:00+00:00,2019-12-02 04:00:00+00:00,4.163000000000095,4496.040000000103
CADCHF,2019-12-02 16:00:00+00:00,2019-12-04 16:00:00+00:00,5.717897520957363,10578.110413771123
AUDCAD,2019-12-02 16:00:00+00:00,2019-12-05 00:00:00+00:00,54.934999999999505,59329.799999999464
AUDCAD,2019-12-12 16:00:00+00:00,2019-12-16 04:00:00+00:00,9.493999999999847,10253.519999999835
CADCHF,2019-12-26 20:00:00+00:00,2019-12-27 08:00:00+00:00,3.6565000000001184,6764.525000000219
CADCHF,2019-12-30 12:00:00+00:00,2019-12-30 12:00:00+00:00,-4.843494641174006,-8960.465086171911
CADCHF,2019-12-30 20:00:00+00:00,2019-12-31 12:00:00+00:00,16.5425000000001,30603.625000000186
AUDCAD,2020-01-02 12:00:00+00:00,2020-01-03 04:00:00+00:00,-29.39033463687923,-31741.56140782957
AUDCAD,2020-01-03 12:00:00+00:00,2020-01-10 08:00:00+00:00,-3.9354999999996916,-4250.339999999667
CADCHF,2020-01-09 16:00:00+00:00,2020-01-10 12:00:00+00:00,7.294999999999996,13495.749999999993
CADCHF,2020-01-14 08:00:00+00:00,2020-01-14 08:00:00+00:00,-6.178589580114357,-11430.39072321156
CADCHF,2020-01-14 16:00:00+00:00,2020-01-17 12:00:00+00:00,2.5240000000001377,4669.400000000254
AUDCAD,2020-01-20 12:00:00+00:00,2020-01-22 12:00:00+00:00,9.258749999999539,9999.449999999502
CADCHF,2020-01-22 12:00:00+00:00,2020-01-22 12:00:00+00:00,5.566000000000127,10297.100000000235
AUDCAD,2020-01-23 04:00:00+00:00,2020-01-23 16:00:00+00:00,5.2587500000000675,5679.450000000073
CADCHF,2020-01-22 20:00:00+00:00,2020-01-28 12:00:00+00:00,10.943749999999559,20245.937499999185
AUDCAD,2020-01-27 12:00:00+00:00,2020-02-04 00:00:00+00:00,-2.5977499999999765,-2805.5699999999747
CADCHF,2020-01-30 16:00:00+00:00,2020-02-05 08:00:00+00:00,10.567486551215367,19549.85011974843
AUDCAD,2020-02-04 20:00:00+00:00,2020-02-07 08:00:00+00:00,3.671750000000063,3965.490000000068
CADCHF,2020-02-12 20:00:00+00:00,2020-02-21 08:00:00+00:00,-6.788749999999814,-12559.187499999656
AUDCAD,2020-02-18 04:00:00+00:00,2020-02-27 12:00:00+00:00,-24.3074999999997,-26252.099999999675
AUDCAD,2020-02-28 16:00:00+00:00,2020-02-28 16:00:00+00:00,-1.7928530289922584,-1936.281271311639
CADCHF,2020-02-24 08:00:00+00:00,2020-03-05 08:00:00+00:00,-119.33000000000007,-220760.50000000012
CADCHF,2020-03-06 04:00:00+00:00,2020-03-08 20:00:00+00:00,-40.577559693855804,-75068.48543363324
AUDCAD,2020-03-03 16:00:00+00:00,2020-03-09 00:00:00+00:00,10.170000000000067,10983.600000000073
AUDCAD,2020-03-09 12:00:00+00:00,2020-03-12 00:00:00+00:00,12.015999999999783,12977.279999999766
CADCHF,2020-03-09 04:00:00+00:00,2020-03-13 12:00:00+00:00,23.910625000000117,44234.65625000022
CADCHF,2020-03-18 12:00:00+00:00,2020-03-19 12:00:00+00:00,50.81092227355213,94000.20620607144
AUDCAD,2020-03-12 16:00:00+00:00,2020-03-23 20:00:00+00:00,-71.04999999999961,-76733.99999999958
CADCHF,2020-04-02 16:00:00+00:00,2020-04-09 16:00:00+00:00,-0.6005000000000589,-1110.9250000001089
CADCHF,2020-04-13 20:00:00+00:00,2020-04-14 08:00:00+00:00,10.006499999999974,18512.02499999995
CADCHF,2020-04-15 12:00:00+00:00,2020-04-15 12:00:00+00:00,-5.065706648512746,-9371.55729974858
CADCHF,2020-04-15 20:00:00+00:00,2020-04-16 20:00:00+00:00,32.61125000000017,60330.81250000031
AUDCAD,2020-04-08 20:00:00+00:00,2020-04-20 16:00:00+00:00,-42.314999999999934,-45700.19999999993
AUDCAD,2020-04-24 20:00:00+00:00,2020-04-30 12:00:00+00:00,4.732499999999585,5111.099999999552
CADCHF,2020-04-23 16:00:00+00:00,2020-04-30 16:00:00+00:00,-1.8550000000005218,-3431.7500000009654
CADCHF,2020-05-01 16:00:00+00:00,2020-05-05 12:00:00+00:00,22.2465,41156.025
AUDCAD,2020-05-08 04:00:00+00:00,2020-05-11 08:00:00+00:00,8.056499999999867,8701.019999999857
AUDCAD,2020-05-13 12:00:00+00:00,2020-05-14 00:00:00+00:00,9.028500000000284,9750.780000000306
AUDCAD,2020-05-15 16:00:00+00:00,2020-05-18 08:00:00+00:00,10.026000000000268,10828.08000000029
CADCHF,2020-05-19 16:00:00+00:00,2020-05-22 04:00:00+00:00,13.685499999999962,25318.17499999993
CADCHF,2020-05-26 16:00:00+00:00,2020-05-27 04:00:00+00:00,-21.11641390811694,-39065.36573001634
AUDCAD,2020-05-20 16:00:00+00:00,2020-05-27 08:00:00+00:00,6.806999999999964,7351.559999999961
AUDCAD,2020-05-27 16:00:00+00:00,2020-05-28 12:00:00+00:00,11.439000000000156,12354.120000000168
CADCHF,2020-05-27 12:00:00+00:00,2020-05-29 12:00:00+00:00,14.127000000000166,26134.950000000306
AUDCAD,2020-06-01 04:00:00+00:00,2020-06-09 04:00:00+00:00,-69.03000000000102,-74552.4000000011
CADCHF,2020-06-01 16:00:00+00:00,2020-06-09 04:00:00+00:00,-8.548499999999903,-15814.72499999982
AUDCAD,2020-06-16 00:00:00+00:00,2020-06-16 12:00:00+00:00,14.016999999999904,15138.359999999895
CADCHF,2020-06-10 20:00:00+00:00,2020-06-16 20:00:00+00:00,35.244708443605106,65202.710620669444
CADCHF,2020-06-24 00:00:00+00:00,2020-06-30 00:00:00+00:00,-3.4499999999994246,-6382.499999998936
AUDCAD,2020-07-02 12:00:00+00:00,2020-07-05 20:00:00+00:00,5.467000000000289,5904.3600000003125
AUDCAD,2020-07-06 04:00:00+00:00,2020-07-07 08:00:00+00:00,18.503750000000153,19984.050000000167
CADCHF,2020-07-07 16:00:00+00:00,2020-07-09 08:00:00+00:00,5.295000000000217,9795.7500000004
AUDCAD,2020-07-07 16:00:00+00:00,2020-07-13 20:00:00+00:00,5.886000000000013,6356.880000000015
AUDCAD,2020-07-14 12:00:00+00:00,2020-07-15 00:00:00+00:00,-38.4521605028345,-41528.33334306126
CADCHF,2020-07-14 08:00:00+00:00,2020-07-15 08:00:00+00:00,5.468500000000043,10116.72500000008
AUDCAD,2020-07-15 08:00:00+00:00,2020-07-15 16:00:00+00:00,32.848750000000095,35476.6500000001
CADCHF,2020-07-15 16:00:00+00:00,2020-07-15 16:00:00+00:00,-2.7440239919478966,-5076.4443851036085
CADCHF,2020-07-16 00:00:00+00:00,2020-07-17 08:00:00+00:00,28.162500000000392,52100.62500000073
AUDCAD,2020-07-21 12:00:00+00:00,2020-07-21 16:00:00+00:00,-27.797096319512548,-30020.86402507355
AUDCAD,2020-07-22 00:00:00+00:00,2020-07-23 16:00:00+00:00,38.73500000000007,41833.800000000076
AUDCAD,2020-07-30 20:00:00+00:00,2020-07-31 16:00:00+00:00,45.44749999999952,49083.299999999486
CADCHF,2020-07-24 16:00:00+00:00,2020-08-03 08:00:00+00:00,11.33999999999999,20978.99999999998
CADCHF,2020-08-11 16:00:00+00:00,2020-08-14 12:00:00+00:00,14.376250000000175,26596.062500000324
AUDCAD,2020-08-12 12:00:00+00:00,2020-08-16 20:00:00+00:00,10.569499999999856,11415.059999999845
CADCHF,2020-08-19 16:00:00+00:00,2020-08-19 16:00:00+00:00,-3.1430507777577272,-5814.643938851796
CADCHF,2020-08-20 00:00:00+00:00,2020-08-20 20:00:00+00:00,8.86350000000008,16397.475000000148
AUDCAD,2020-08-28 00:00:00+00:00,2020-09-02 12:00:00+00:00,31.917499999998046,34470.89999999789
CADCHF,2020-09-01 12:00:00+00:00,2020-09-03 12:00:00+00:00,12.776250000000239,23636.062500000444
CADCHF,2020-09-10 16:00:00+00:00,2020-09-16 16:00:00+00:00,2.107500000000096,3898.8750000001774
AUDCAD,2020-09-11 08:00:00+00:00,2020-09-18 08:00:00+00:00,-1.4362500000006935,-1551.150000000749
CADCHF,2020-09-21 20:00:00+00:00,2020-09-21 20:00:00+00:00,-2.785650416112839,-5153.453269808751
CADCHF,2020-09-22 04:00:00+00:00,2020-09-22 12:00:00+00:00,3.322500000000062,6146.625000000115
AUDCAD,2020-09-22 08:00:00+00:00,2020-09-23 00:00:00+00:00,-57.59450119918429,-62202.061295119034
CADCHF,2020-09-23 00:00:00+00:00,2020-09-24 00:00:00+00:00,3.826000000000052,7078.100000000096
CADCHF,2020-09-24 16:00:00+00:00,2020-09-28 16:00:00+00:00,10.704999999999826,19804.24999999968
AUDCAD,2020-09-23 08:00:00+00:00,2020-09-29 08:00:00+00:00,0.28875000000022677,311.8500000002449
AUDCAD,2020-10-07 20:00:00+00:00,2020-10-09 20:00:00+00:00,6.5249999999998485,7046.999999999836
CADCHF,2020-10-08 12:00:00+00:00,2020-10-15 08:00:00+00:00,-0.12999999999976808,-240.49999999957095
AUDCAD,2020-10-13 04:00:00+00:00,2020-10-21 16:00:00+00:00,-15.488750000000275,-16727.850000000297
CADCHF,2020-10-19 20:00:00+00:00,2020-10-23 00:00:00+00:00,2.0524999999999576,3797.1249999999213
CADCHF,2020-10-28 16:00:00+00:00,2020-10-30 08:00:00+00:00,21.092500000000044,39021.12500000008
CADCHF,2020-11-02 16:00:00+00:00,2020-11-02 16:00:00+00:00,-3.1542209780848482,-5835.308809456969
AUDCAD,2020-11-02 20:00:00+00:00,2020-11-03 08:00:00+00:00,9.729999999999972,10508.39999999997
CADCHF,2020-11-03 00:00:00+00:00,2020-11-06 00:00:00+00:00,4.488499999999979,8303.72499999996
CADCHF,2020-11-09 16:00:00+00:00,2020-11-12 12:00:00+00:00,15.045625000000214,27834.406250000397
AUDCAD,2020-11-05 12:00:00+00:00,2020-11-17 08:00:00+00:00,-22.504999999999995,-24305.399999999994
CADCHF,2020-11-24 04:00:00+00:00,2020-11-26 04:00:00+00:00,18.926689233882797,35014.375082683175
AUDCAD,2020-11-30 20:00:00+00:00,2020-12-02 16:00:00+00:00,6.7414999999999115,7280.819999999904
CADCHF,2020-12-02 16:00:00+00:00,2020-12-04 12:00:00+00:00,5.065500000000112,9371.175000000207
AUDCAD,2020-12-04 16:00:00+00:00,2020-12-09 04:00:00+00:00,12.191249999999988,13166.549999999987
CADCHF,2020-12-16 12:00:00+00:00,2020-12-16 12:00:00+00:00,5.352499999999816,9902.12499999966
AUDCAD,2020-12-11 04:00:00+00:00,2020-12-23 00:00:00+00:00,-11.73000000000004,-12668.400000000043
CADCHF,2020-12-18 12:00:00+00:00,2020-12-24 08:00:00+00:00,-10.000544579913115,-18501.00747283926
AUDCAD,2020-12-28 04:00:00+00:00,2020-12-28 12:00:00+00:00,4.762250000000057,5143.230000000061
CADCHF,2020-12-31 20:00:00+00:00,2021-01-04 12:00:00+00:00,16.493750000000613,30513.437500001135
AUDCAD,2020-12-30 08:00:00+00:00,2021-01-10 20:00:00+00:00,-12.372500000000338,-13362.300000000365
CADCHF,2021-01-07 20:00:00+00:00,2021-01-15 12:00:00+00:00,-1.0029999999999202,-1855.5499999998524
AUDCAD,2021-01-17 20:00:00+00:00,2021-01-21 12:00:00+00:00,0.7310000000002153,789.4800000002325
CADCHF,2021-01-20 16:00:00+00:00,2021-01-21 20:00:00+00:00,9.536000000000156,17641.60000000029
AUDCAD,2021-01-26 16:00:00+00:00,2021-01-27 12:00:00+00:00,5.06050000000009,5465.3400000000975
AUDCAD,2021-01-28 04:00:00+00:00,2021-01-28 12:00:00+00:00,5.53850000000029,5981.580000000314
AUDCAD,2021-01-29 20:00:00+00:00,2021-02-01 16:00:00+00:00,25.596249999999987,27643.949999999986
AUDCAD,2021-02-02 12:00:00+00:00,2021-02-05 12:00:00+00:00,9.808124999999668,10592.774999999641
CADCHF,2021-02-02 20:00:00+00:00,2021-02-09 08:00:00+00:00,-2.119999999999955,-3921.9999999999163
CADCHF,2021-02-12 04:00:00+00:00,2021-02-15 00:00:00+00:00,5.880500000000122,10878.925000000227
AUDCAD,2021-02-08 16:00:00+00:00,2021-02-16 04:00:00+00:00,0.33899999999982317,366.119999999809
CADCHF,2021-02-17 16:00:00+00:00,2021-02-17 16:00:00+00:00,-4.679540730143927,-8657.150350766266
AUDCAD,2021-02-19 08:00:00+00:00,2021-02-19 08:00:00+00:00,-3.5444902732395978,-3828.0494950987654
AUDCAD,2021-02-19 16:00:00+00:00,2021-02-25 16:00:00+00:00,-0.06999999999912454,-75.5999999990545
CADCHF,2021-02-18 00:00:00+00:00,2021-02-26 12:00:00+00:00,-1.4674999999995357,-2714.874999999141
AUDCAD,2021-02-26 12:00:00+00:00,2021-03-10 08:00:00+00:00,-6.549999999999966,-7073.999999999964
CADCHF,2021-03-04 12:00:00+00:00,2021-03-16 08:00:00+00:00,-7.684744204548981,-14216.776778415615
AUDCAD,2021-03-12 20:00:00+00:00,2021-03-18 00:00:00+00:00,2.6062499999998994,2814.7499999998913
CADCHF,2021-03-22 16:00:00+00:00,2021-03-23 12:00:00+00:00,35.36125333883594,65418.31867684648
AUDCAD,2021-03-23 20:00:00+00:00,2021-03-29 00:00:00+00:00,9.01999999999975,9741.599999999731
AUDCAD,2021-04-01 08:00:00+00:00,2021-04-02 12:00:00+00:00,12.197999999999887,13173.839999999878
CADCHF,2021-03-31 20:00:00+00:00,2021-04-02 16:00:00+00:00,8.15999999999989,15095.999999999796
CADCHF,2021-04-06 16:00:00+00:00,2021-04-14 12:00:00+00:00,-49.91910301044349,-92350.34056932045
CADCHF,2021-04-19 12:00:00+00:00,2021-04-21 12:00:00+00:00,11.348749999999992,20995.187499999985
AUDCAD,2021-04-14 12:00:00+00:00,2021-04-21 12:00:00+00:00,-7.827499999999764,-8453.699999999746
AUDCAD,2021-04-23 00:00:00+00:00,2021-04-26 04:00:00+00:00,5.867249999999968,6336.629999999966
AUDCAD,2021-04-28 04:00:00+00:00,2021-05-07 12:00:00+00:00,-31.402500000000224,-33914.700000000244
CADCHF,2021-05-06 16:00:00+00:00,2021-05-07 12:00:00+00:00,5.7750000000000306,10683.750000000056
AUDCAD,2021-05-10 12:00:00+00:00,2021-05-10 16:00:00+00:00,4.7310000000000185,5109.48000000002
CADCHF,2021-05-11 20:00:00+00:00,2021-05-12 12:00:00+00:00,-10.179844971681284,-18832.713197610374
AUDCAD,2021-05-12 04:00:00+00:00,2021-05-12 12:00:00+00:00,-13.936448370371934,-15051.364240001689
CADCHF,2021-05-13 00:00:00+00:00,2021-05-13 16:00:00+00:00,8.093500000000143,14972.975000000264
AUDCAD,2021-05-12 20:00:00+00:00,2021-05-20 08:00:00+00:00,4.88187499999998,5272.424999999979
AUDCAD,2021-05-21 16:00:00+00:00,2021-05-26 00:00:00+00:00,15.489999999999782,16729.199999999764
CADCHF,2021-05-26 16:00:00+00:00,2021-05-27 12:00:00+00:00,4.555000000000032,8426.750000000058
AUDCAD,2021-06-03 16:00:00+00:00,2021-06-04 12:00:00+00:00,10.968500000000114,11845.980000000123
CADCHF,2021-06-08 16:00:00+00:00,2021-06-14 16:00:00+00:00,2.688749999999991,4974.187499999983
CADCHF,2021-06-15 16:00:00+00:00,2021-06-16 16:00:00+00:00,5.96100000000005,11027.850000000093
AUDCAD,2021-06-16 12:00:00+00:00,2021-06-16 16:00:00+00:00,2.789999999999804,3013.1999999997884
AUDCAD,2021-06-17 12:00:00+00:00,2021-06-17 12:00:00+00:00,-3.5360193411575924,-3818.9008884502
CADCHF,2021-06-17 16:00:00+00:00,2021-06-18 12:00:00+00:00,4.932499999999951,9125.124999999909
AUDCAD,2021-06-17 20:00:00+00:00,2021-06-21 00:00:00+00:00,20.158750000000225,21771.450000000244
AUDCAD,2021-06-22 04:00:00+00:00,2021-06-24 12:00:00+00:00,5.38199999999951,5812.559999999471
CADCHF,2021-06-22 20:00:00+00:00,2021-06-28 16:00:00+00:00,2.082499999999932,3852.6249999998745
AUDCAD,2021-07-01 16:00:00+00:00,2021-07-05 12:00:00+00:00,7.117999999999691,7687.439999999667
CADCHF,2021-07-06 16:00:00+00:00,2021-07-08 04:00:00+00:00,-28.117279515452537,-52016.967103587194
CADCHF,2021-07-08 12:00:00+00:00,2021-07-08 12:00:00+00:00,-1.0816100697173257,-2000.9786289770525
AUDCAD,2021-07-06 12:00:00+00:00,2021-07-08 16:00:00+00:00,10.385500000000336,11216.340000000362
CADCHF,2021-07-08 20:00:00+00:00,2021-07-14 12:00:00+00:00,6.028000000000006,11151.80000000001
AUDCAD,2021-07-15 00:00:00+00:00,2021-07-15 08:00:00+00:00,5.770499999999856,6232.139999999845
CADCHF,2021-07-19 08:00:00+00:00,2021-07-19 08:00:00+00:00,-7.585549750497799,-14033.267038420929
AUDCAD,2021-07-19 12:00:00+00:00,2021-07-19 20:00:00+00:00,4.5469999999998345,4910.759999999821
CADCHF,2021-07-19 16:00:00+00:00,2021-07-21 12:00:00+00:00,20.348125000000145,37644.03125000027
AUDCAD,2021-07-20 20:00:00+00:00,2021-07-21 12:00:00+00:00,-13.4791258101411,-14557.45587495239
AUDCAD,2021-07-21 20:00:00+00:00,2021-07-28 00:00:00+00:00,7.886875000000238,8517.825000000257
AUDCAD,2021-07-29 04:00:00+00:00,2021-08-03 00:00:00+00:00,16.500000000000625,17820.000000000677
CADCHF,2021-08-02 16:00:00+00:00,2021-08-05 12:00:00+00:00,13.551249999999985,25069.812499999975
CADCHF,2021-08-09 12:00:00+00:00,2021-08-13 12:00:00+00:00,9.668749999999866,17887.187499999753
AUDCAD,2021-08-17 16:00:00+00:00,2021-08-20 04:00:00+00:00,14.565000000000161,15730.200000000174
CADCHF,2021-08-17 08:00:00+00:00,2021-08-24 04:00:00+00:00,-0.18250000000002942,-337.6250000000544
CADCHF,2021-09-01 08:00:00+00:00,2021-09-01 12:00:00+00:00,8.07349999999979,14935.974999999611
CADCHF,2021-09-02 16:00:00+00:00,2021-09-07 08:00:00+00:00,2.998500000000071,5547.225000000131
AUDCAD,2021-08-27 12:00:00+00:00,2021-09-08 08:00:00+00:00,-65.69999999999976,-70955.99999999974
CADCHF,2021-09-09 08:00:00+00:00,2021-09-10 08:00:00+00:00,6.570999999999827,12156.34999999968
CADCHF,2021-09-12 20:00:00+00:00,2021-09-13 08:00:00+00:00,6.547999999999944,12113.799999999897
CADCHF,2021-09-16 12:00:00+00:00,2021-09-20 04:00:00+00:00,8.242499999999875,15248.624999999769
AUDCAD,2021-09-14 04:00:00+00:00,2021-09-20 08:00:00+00:00,-1.7412500000006932,-1880.5500000007487
CADCHF,2021-09-21 20:00:00+00:00,2021-09-23 04:00:00+00:00,5.542000000000019,10252.700000000035
AUDCAD,2021-09-23 08:00:00+00:00,2021-10-01 08:00:00+00:00,-2.441874999999871,-2637.2249999998603
CADCHF,2021-10-05 16:00:00+00:00,2021-10-06 12:00:00+00:00,6.248500000000046,11559.725000000086
AUDCAD,2021-10-06 08:00:00+00:00,2021-10-07 04:00:00+00:00,5.424499999999899,5858.459999999891
AUDCAD,2021-10-08 16:00:00+00:00,2021-10-11 12:00:00+00:00,10.71749999999999,11574.89999999999
CADCHF,2021-10-07 16:00:00+00:00,2021-10-18 12:00:00+00:00,-24.098750000000084,-44582.68750000015
CADCHF,2021-10-21 20:00:00+00:00,2021-10-26 04:00:00+00:00,17.822500000000268,32971.625000000495
AUDCAD,2021-10-19 12:00:00+00:00,2021-10-27 12:00:00+00:00,-23.439999999999902,-25315.199999999895
CADCHF,2021-10-29 00:00:00+00:00,2021-11-08 08:00:00+00:00,-4.752500000000186,-8792.125000000344
AUDCAD,2021-11-02 16:00:00+00:00,2021-11-12 12:00:00+00:00,-12.689999999999422,-13705.199999999377
CADCHF,2021-11-15 16:00:00+00:00,2021-11-15 16:00:00+00:00,-5.080111238273732,-9398.205790806403
CADCHF,2021-11-16 00:00:00+00:00,2021-11-17 16:00:00+00:00,16.161249999999875,29898.312499999767
CADCHF,2021-11-26 08:00:00+00:00,2021-11-26 08:00:00+00:00,-6.231331332426537,-11527.962964989094
CADCHF,2021-11-26 16:00:00+00:00,2021-11-26 16:00:00+00:00,-0.5818375585611433,-1076.399483338115
AUDCAD,2021-11-24 16:00:00+00:00,2021-11-30 12:00:00+00:00,5.186250000000504,5601.150000000544
AUDCAD,2021-12-03 04:00:00+00:00,2021-12-03 12:00:00+00:00,-15.161143657385743,-16374.035149976602
CADCHF,2021-11-28 20:00:00+00:00,2021-12-06 08:00:00+00:00,-2.1995000000000484,-4069.0750000000894
AUDCAD,2021-12-03 20:00:00+00:00,2021-12-08 12:00:00+00:00,34.41374999999969,37166.849999999664
CADCHF,2021-12-07 12:00:00+00:00,2021-12-10 16:00:00+00:00,17.01375000000009,31475.437500000167
CADCHF,2021-12-20 16:00:00+00:00,2021-12-23 04:00:00+00:00,11.774000000000118,21781.90000000022
AUDCAD,2021-12-15 16:00:00+00:00,2021-12-27 12:00:00+00:00,-6.2799999999999745,-6782.399999999972
AUDCAD,2021-12-31 00:00:00+00:00,2021-12-31 12:00:00+00:00,-8.596611711241307,-9284.340648140611
CADCHF,2021-12-31 16:00:00+00:00,2021-12-31 16:00:00+00:00,-1.210460757126441,-2239.3524006839157
AUDCAD,2021-12-31 20:00:00+00:00,2022-01-05 08:00:00+00:00,28.42999999999929,30704.399999999234
CADCHF,2022-01-02 20:00:00+00:00,2022-01-05 20:00:00+00:00,3.6530000000000733,6758.050000000136
AUDCAD,2022-01-06 16:00:00+00:00,2022-01-13 04:00:00+00:00,-1.1547499999998931,-1247.1299999998846
CADCHF,2022-01-06 20:00:00+00:00,2022-01-13 20:00:00+00:00,-0.8087500000001633,-1496.1875000003022
AUDCAD,2022-01-17 04:00:00+00:00,2022-01-20 00:00:00+00:00,15.513749999999439,16754.849999999395
CADCHF,2022-01-20 20:00:00+00:00,2022-01-21 00:00:00+00:00,8.350999999999942,15449.349999999893
CADCHF,2022-01-21 20:00:00+00:00,2022-01-26 04:00:00+00:00,24.306250000000055,44966.5625000001
AUDCAD,2022-01-27 16:00:00+00:00,2022-01-31 12:00:00+00:00,18.082500000000113,19529.100000000122
CADCHF,2022-02-10 16:00:00+00:00,2022-02-10 20:00:00+00:00,6.295499999999954,11646.674999999916
AUDCAD,2022-02-09 04:00:00+00:00,2022-02-11 04:00:00+00:00,19.3012499999996,20845.34999999957
CADCHF,2022-02-14 12:00:00+00:00,2022-02-14 12:00:00+00:00,6.61700000000004,12241.450000000073
CADCHF,2022-02-18 00:00:00+00:00,2022-02-18 08:00:00+00:00,5.76199999999999,10659.69999999998
CADCHF,2022-02-18 16:00:00+00:00,2022-02-22 12:00:00+00:00,16.717500000000022,30927.37500000004
AUDCAD,2022-02-17 08:00:00+00:00,2022-02-24 04:00:00+00:00,-1.1602499999997737,-1253.0699999997557
CADCHF,2022-02-25 16:00:00+00:00,2022-02-28 08:00:00+00:00,30.176249999999875,55826.06249999977
AUDCAD,2022-03-02 04:00:00+00:00,2022-03-02 12:00:00+00:00,4.396749999999927,4748.489999999922
CADCHF,2022-03-03 04:00:00+00:00,2022-03-03 20:00:00+00:00,9.469499999999965,17518.574999999935
AUDCAD,2022-03-03 16:00:00+00:00,2022-03-11 08:00:00+00:00,-24.81874999999983,-26804.249999999818
AUDCAD,2022-03-14 04:00:00+00:00,2022-03-17 12:00:00+00:00,8.604374999999665,9292.724999999638
CADCHF,2022-03-11 12:00:00+00:00,2022-03-23 08:00:00+00:00,-37.77007533446025,-69874.63936875146
CADCHF,2022-03-25 20:00:00+00:00,2022-03-29 12:00:00+00:00,19.052500000000443,35247.12500000082
AUDCAD,2022-04-04 16:00:00+00:00,2022-04-05 04:00:00+00:00,-3.3952264711289093,-3666.844588819222
AUDCAD,2022-04-05 12:00:00+00:00,2022-04-06 16:00:00+00:00,9.302750000000003,10046.970000000003
CADCHF,2022-04-11 16:00:00+00:00,2022-04-13 12:00:00+00:00,7.72949999999989,14299.574999999795
AUDCAD,2022-04-15 08:00:00+00:00,2022-04-20 04:00:00+00:00,3.5444999999997955,3828.059999999779
CADCHF,2022-04-20 00:00:00+00:00,2022-04-22 16:00:00+00:00,6.148999999999683,11375.649999999414
AUDCAD,2022-04-21 16:00:00+00:00,2022-05-03 04:00:00+00:00,-61.597499999998305,-66525.29999999817
AUDCAD,2022-05-04 20:00:00+00:00,2022-05-05 12:00:00+00:00,27.39624999999968,29587.94999999965
CADCHF,2022-05-04 12:00:00+00:00,2022-05-09 16:00:00+00:00,3.1475000000000257,5822.875000000047
CADCHF,2022-05-12 20:00:00+00:00,2022-05-13 12:00:00+00:00,-9.641220614552026,-17836.25813692125
AUDCAD,2022-05-12 12:00:00+00:00,2022-05-17 08:00:00+00:00,5.8385000000000575,6305.580000000062
CADCHF,2022-05-13 20:00:00+00:00,2022-05-18 12:00:00+00:00,16.23874999999994,30041.687499999887
AUDCAD,2022-05-23 04:00:00+00:00,2022-05-26 12:00:00+00:00,2.2582499999998844,2438.9099999998753
CADCHF,2022-05-19 16:00:00+00:00,2022-05-30 04:00:00+00:00,-5.108250000000064,-9450.262500000119
AUDCAD,2022-06-02 16:00:00+00:00,2022-06-03 12:00:00+00:00,5.407500000000187,5840.100000000202
AUDCAD,2022-06-06 04:00:00+00:00,2022-06-07 04:00:00+00:00,7.765999999999895,8387.279999999886
CADCHF,2022-06-01 12:00:00+00:00,2022-06-10 04:00:00+00:00,-13.851250000000451,-25624.812500000837
AUDCAD,2022-06-07 12:00:00+00:00,2022-06-10 04:00:00+00:00,6.590000000000273,7117.200000000295
AUDCAD,2022-06-13 12:00:00+00:00,2022-06-15 12:00:00+00:00,64.88750000000132,70078.50000000143
CADCHF,2022-06-16 08:00:00+00:00,2022-06-16 08:00:00+00:00,0.12496338535580875,231.1822629082462
CADCHF,2022-06-16 16:00:00+00:00,2022-06-16 16:00:00+00:00,0.0602831218682045,111.52377545617833
AUDCAD,2022-06-16 20:00:00+00:00,2022-06-21 04:00:00+00:00,11.628499999999908,12558.7799999999
CADCHF,2022-06-17 00:00:00+00:00,2022-06-27 00:00:00+00:00,-2.221875000000053,-4110.468750000098
CADCHF,2022-07-04 12:00:00+00:00,2022-07-05 12:00:00+00:00,7.780000000000065,14393.00000000012
AUDCAD,2022-06-29 08:00:00+00:00,2022-07-05 16:00:00+00:00,8.550000000000058,9234.000000000062
AUDCAD,2022-07-11 16:00:00+00:00,2022-07-13 08:00:00+00:00,14.560499999999932,15725.339999999926
CADCHF,2022-07-07 12:00:00+00:00,2022-07-13 12:00:00+00:00,12.16000000000003,22496.000000000055
CADCHF,2022-07-22 20:00:00+00:00,2022-07-25 12:00:00+00:00,31.577499999999674,58418.374999999396
AUDCAD,2022-07-19 08:00:00+00:00,2022-07-27 00:00:00+00:00,5.963750000000045,6440.8500000000495
AUDCAD,2022-07-27 20:00:00+00:00,2022-07-29 12:00:00+00:00,6.4174999999999205,6930.899999999914
AUDCAD,2022-08-01 12:00:00+00:00,2022-08-02 04:00:00+00:00,65.26500000000078,70486.20000000084
CADCHF,2022-08-01 16:00:00+00:00,2022-08-03 08:00:00+00:00,11.066500000000035,20473.025000000063
AUDCAD,2022-08-03 00:00:00+00:00,2022-08-04 04:00:00+00:00,6.500749999999811,7020.809999999796
AUDCAD,2022-08-10 16:00:00+00:00,2022-08-16 08:00:00+00:00,10.794999999999778,11658.59999999976
CADCHF,2022-08-10 12:00:00+00:00,2022-08-16 12:00:00+00:00,22.25500000000033,41171.75000000061
AUDCAD,2022-08-17 16:00:00+00:00,2022-08-23 00:00:00+00:00,10.525499999999923,11367.539999999917
CADCHF,2022-08-23 12:00:00+00:00,2022-08-26 12:00:00+00:00,9.789999999999383,18111.499999998858
AUDCAD,2022-08-25 08:00:00+00:00,2022-08-28 20:00:00+00:00,20.03499999999958,21637.799999999548
CADCHF,2022-08-31 12:00:00+00:00,2022-08-31 12:00:00+00:00,6.8505000000000384,12673.425000000072
AUDCAD,2022-09-01 16:00:00+00:00,2022-09-02 12:00:00+00:00,6.01499999999997,6496.199999999968
CADCHF,2022-09-02 16:00:00+00:00,2022-09-05 20:00:00+00:00,7.262999999999964,13436.549999999934
CADCHF,2022-09-06 16:00:00+00:00,2022-09-06 20:00:00+00:00,7.539000000000129,13947.15000000024
AUDCAD,2022-09-06 08:00:00+00:00,2022-09-09 04:00:00+00:00,14.882500000000466,16073.100000000502
CADCHF,2022-09-08 12:00:00+00:00,2022-09-20 08:00:00+00:00,-69.74000000000026,-129019.0000000005
CADCHF,2022-09-20 16:00:00+00:00,2022-09-22 08:00:00+00:00,38.93124999999994,72022.8124999999
AUDCAD,2022-09-22 16:00:00+00:00,2022-09-23 08:00:00+00:00,8.952499999999874,9668.699999999864
AUDCAD,2022-09-26 08:00:00+00:00,2022-09-28 16:00:00+00:00,4.030249999999991,4352.66999999999
CADCHF,2022-09-28 16:00:00+00:00,2022-10-03 08:00:00+00:00,4.341000000000012,8030.850000000021
AUDCAD,2022-10-04 12:00:00+00:00,2022-10-04 12:00:00+00:00,5.153500000000122,5565.780000000132
CADCHF,2022-10-03 16:00:00+00:00,2022-10-05 12:00:00+00:00,7.262500000000033,13435.625000000062
AUDCAD,2022-10-04 20:00:00+00:00,2022-10-05 16:00:00+00:00,5.929750000000045,6404.130000000048
CADCHF,2022-10-14 00:00:00+00:00,2022-10-14 12:00:00+00:00,8.155499999999927,15087.674999999865
AUDCAD,2022-10-07 16:00:00+00:00,2022-10-18 08:00:00+00:00,-12.868750000000317,-13898.250000000342
AUDCAD,2022-10-21 16:00:00+00:00,2022-10-24 04:00:00+00:00,5.061749999999954,5466.6899999999505
CADCHF,2022-10-19 16:00:00+00:00,2022-10-24 12:00:00+00:00,1.6690000000000875,3087.650000000162
AUDCAD,2022-10-26 08:00:00+00:00,2022-10-26 12:00:00+00:00,-15.236358824759876,-16455.267530740664
AUDCAD,2022-10-26 20:00:00+00:00,2022-10-30 20:00:00+00:00,8.772499999999939,9474.299999999934
CADCHF,2022-10-31 20:00:00+00:00,2022-11-01 12:00:00+00:00,21.504999999999413,39784.249999998916
AUDCAD,2022-11-03 16:00:00+00:00,2022-11-04 12:00:00+00:00,7.701999999999742,8318.159999999722
CADCHF,2022-11-03 16:00:00+00:00,2022-11-07 08:00:00+00:00,6.598000000000049,12206.30000000009
CADCHF,2022-11-09 16:00:00+00:00,2022-11-11 12:00:00+00:00,-78.83299481889773,-145841.0404149608
CADCHF,2022-11-11 20:00:00+00:00,2022-11-18 00:00:00+00:00,14.951874999999879,27660.968749999774
AUDCAD,2022-11-10 16:00:00+00:00,2022-11-20 20:00:00+00:00,-30.682499999999997,-33137.1
CADCHF,2022-11-23 16:00:00+00:00,2022-11-29 08:00:00+00:00,7.100000000000051,13135.000000000095
AUDCAD,2022-11-29 16:00:00+00:00,2022-12-09 16:00:00+00:00,-20.880000000000123,-22550.400000000132
CADCHF,2022-12-01 16:00:00+00:00,2022-12-13 12:00:00+00:00,-51.81000000000037,-95848.50000000068
AUDCAD,2022-12-11 20:00:00+00:00,2022-12-15 08:00:00+00:00,6.75200000000027,7292.160000000292
CADCHF,2022-12-14 16:00:00+00:00,2022-12-19 12:00:00+00:00,4.201999999999984,7773.699999999971
CADCHF,2022-12-23 04:00:00+00:00,2022-12-23 12:00:00+00:00,-5.363182754931916,-9921.888096624045
CADCHF,2022-12-23 20:00:00+00:00,2022-12-28 12:00:00+00:00,5.809499999999968,10747.57499999994
AUDCAD,2022-12-28 16:00:00+00:00,2022-12-29 08:00:00+00:00,9.570000000000034,10335.600000000037
AUDCAD,2022-12-30 20:00:00+00:00,2023-01-03 08:00:00+00:00,24.31874999999972,26264.249999999698
CADCHF,2023-01-03 12:00:00+00:00,2023-01-04 04:00:00+00:00,10.941000000000034,20240.850000000064
AUDCAD,2023-01-04 08:00:00+00:00,2023-01-05 00:00:00+00:00,12.204250000000005,13180.590000000006
CADCHF,2023-01-04 20:00:00+00:00,2023-01-09 12:00:00+00:00,6.009500000000168,11117.57500000031
CADCHF,2023-01-11 16:00:00+00:00,2023-01-15 20:00:00+00:00,4.737000000000158,8763.450000000292
AUDCAD,2023-01-16 04:00:00+00:00,2023-01-19 00:00:00+00:00,8.815499999999599,9520.739999999567
CADCHF,2023-01-18 12:00:00+00:00,2023-01-20 16:00:00+00:00,32.88051579654477,60828.95422360783
AUDCAD,2023-01-23 16:00:00+00:00,2023-01-30 08:00:00+00:00,11.33499999999965,12241.799999999621
CADCHF,2023-02-01 20:00:00+00:00,2023-02-03 12:00:00+00:00,8.720500000000076,16132.925000000141
AUDCAD,2023-02-03 16:00:00+00:00,2023-02-09 08:00:00+00:00,33.99000000000008,36709.200000000084
CADCHF,2023-02-22 04:00:00+00:00,2023-02-23 00:00:00+00:00,6.205500000000031,11480.175000000057
CADCHF,2023-02-24 20:00:00+00:00,2023-02-28 12:00:00+00:00,5.805500000000075,10740.17500000014
AUDCAD,2023-02-24 12:00:00+00:00,2023-03-01 04:00:00+00:00,13.21125000000034,14268.150000000369
AUDCAD,2023-03-07 12:00:00+00:00,2023-03-10 08:00:00+00:00,62.822500000000225,67848.30000000025
CADCHF,2023-03-06 08:00:00+00:00,2023-03-15 16:00:00+00:00,-59.28999999999954,-109686.49999999914
AUDCAD,2023-03-17 04:00:00+00:00,2023-03-21 04:00:00+00:00,2.747500000000103,2967.300000000111
CADCHF,2023-03-23 20:00:00+00:00,2023-03-28 04:00:00+00:00,8.416499999999994,15570.524999999989
AUDCAD,2023-03-26 20:00:00+00:00,2023-04-03 08:00:00+00:00,-8.44374999999975,-9119.249999999729
AUDCAD,2023-04-06 16:00:00+00:00,2023-04-12 12:00:00+00:00,4.401499999999682,4753.619999999656
CADCHF,2023-04-12 16:00:00+00:00,2023-04-14 12:00:00+00:00,18.942499999999836,35043.624999999694
AUDCAD,2023-04-20 16:00:00+00:00,2023-04-25 12:00:00+00:00,11.33000000000002,12236.400000000021
CADCHF,2023-04-20 12:00:00+00:00,2023-04-27 12:00:00+00:00,-19.87250000000021,-36764.125000000386
AUDCAD,2023-04-28 16:00:00+00:00,2023-05-01 12:00:00+00:00,10.285000000000277,11107.8000000003
CADCHF,2023-05-01 16:00:00+00:00,2023-05-02 12:00:00+00:00,8.97600000000004,16605.600000000075
CADCHF,2023-05-03 20:00:00+00:00,2023-05-05 04:00:00+00:00,11.7135000000001,21669.975000000184
AUDCAD,2023-05-02 08:00:00+00:00,2023-05-05 12:00:00+00:00,8.831499999999837,9538.019999999824
CADCHF,2023-05-05 20:00:00+00:00,2023-05-12 04:00:00+00:00,3.2017500000000867,5923.23750000016
CADCHF,2023-05-17 20:00:00+00:00,2023-05-19 12:00:00+00:00,17.78500000000002,32902.25000000004
AUDCAD,2023-05-12 16:00:00+00:00,2023-05-19 12:00:00+00:00,0.8337500000003002,900.4500000003242
CADCHF,2023-05-31 16:00:00+00:00,2023-05-31 16:00:00+00:00,-1.27538252325704,-2359.457668025524
CADCHF,2023-06-01 00:00:00+00:00,2023-06-01 12:00:00+00:00,-21.567768508656073,-39900.37174101373
AUDCAD,2023-05-24 04:00:00+00:00,2023-06-02 00:00:00+00:00,-21.769999999999623,-23511.59999999959
CADCHF,2023-06-01 20:00:00+00:00,2023-06-08 12:00:00+00:00,-3.3405000000000236,-6179.925000000044
AUDCAD,2023-06-06 08:00:00+00:00,2023-06-16 08:00:00+00:00,-40.01499999999991,-43216.1999999999
CADCHF,2023-06-23 08:00:00+00:00,2023-06-23 12:00:00+00:00,7.492500000000068,13861.125000000126
CADCHF,2023-06-29 12:00:00+00:00,2023-06-29 16:00:00+00:00,8.348999999999885,15445.649999999787
AUDCAD,2023-06-20 12:00:00+00:00,2023-06-30 12:00:00+00:00,-39.26000000000012,-42400.80000000013
CADCHF,2023-07-06 12:00:00+00:00,2023-07-06 12:00:00+00:00,-4.045287933136576,-7483.782676302666
CADCHF,2023-07-06 20:00:00+00:00,2023-07-06 20:00:00+00:00,-1.9097386429712255,-3533.016489496767
AUDCAD,2023-07-03 16:00:00+00:00,2023-07-10 04:00:00+00:00,-0.0070000000001343215,-7.560000000145068
AUDCAD,2023-07-12 16:00:00+00:00,2023-07-12 16:00:00+00:00,-1.0607541395342366,-1145.6144706969756
CADCHF,2023-07-07 04:00:00+00:00,2023-07-19 00:00:00+00:00,-94.0199999999997,-173936.99999999945
AUDCAD,2023-07-13 00:00:00+00:00,2023-07-19 00:00:00+00:00,7.929999999999771,8564.399999999752
AUDCAD,2023-07-21 12:00:00+00:00,2023-07-25 12:00:00+00:00,5.169250000000103,5582.790000000111
CADCHF,2023-07-24 16:00:00+00:00,2023-07-25 20:00:00+00:00,7.574499999999984,14012.82499999997
AUDCAD,2023-07-28 04:00:00+00:00,2023-08-04 12:00:00+00:00,9.71875,10496.25
CADCHF,2023-08-04 20:00:00+00:00,2023-08-14 08:00:00+00:00,8.444999999999675,15623.2499999994
CADCHF,2023-08-15 08:00:00+00:00,2023-08-15 12:00:00+00:00,3.637999999999975,6730.299999999954
CADCHF,2023-08-17 20:00:00+00:00,2023-08-17 20:00:00+00:00,-3.752841010189078,-6942.755868849795
CADCHF,2023-08-18 04:00:00+00:00,2023-08-18 16:00:00+00:00,4.895999999999956,9057.599999999919
AUDCAD,2023-08-11 16:00:00+00:00,2023-08-22 00:00:00+00:00,-8.63999999999987,-9331.199999999859
CADCHF,2023-08-25 08:00:00+00:00,2023-08-25 12:00:00+00:00,5.034499999999998,9313.824999999995
AUDCAD,2023-08-23 16:00:00+00:00,2023-08-25 12:00:00+00:00,11.500500000000091,12420.5400000001
CADCHF,2023-08-29 16:00:00+00:00,2023-08-31 04:00:00+00:00,3.9329999999999092,7276.049999999832
AUDCAD,2023-08-29 16:00:00+00:00,2023-08-31 20:00:00+00:00,5.74099999999973,6200.279999999708
CADCHF,2023-08-31 16:00:00+00:00,2023-09-01 12:00:00+00:00,13.492499999999879,24961.124999999774
AUDCAD,2023-09-05 08:00:00+00:00,2023-09-08 04:00:00+00:00,23.44999999999986,25325.99999999985
CADCHF,2023-09-08 16:00:00+00:00,2023-09-20 12:00:00+00:00,-25.879999999999956,-47877.99999999992
AUDCAD,2023-09-21 04:00:00+00:00,2023-09-22 12:00:00+00:00,7.085999999999881,7652.879999999872
AUDCAD,2023-09-27 16:00:00+00:00,2023-09-28 12:00:00+00:00,28.62999999999993,30920.399999999925
CADCHF,2023-09-21 08:00:00+00:00,2023-09-29 12:00:00+00:00,-10.404499999999983,-19248.324999999968
AUDCAD,2023-09-29 04:00:00+00:00,2023-10-03 04:00:00+00:00,8.127499999999799,8777.699999999782
CADCHF,2023-10-04 16:00:00+00:00,2023-10-16 12:00:00+00:00,-3.2049999999998047,-5929.249999999639
AUDCAD,2023-10-12 16:00:00+00:00,2023-10-17 12:00:00+00:00,57.434999999999235,62029.79999999917
AUDCAD,2023-10-24 12:00:00+00:00,2023-10-25 20:00:00+00:00,62.78499999999842,67807.79999999829
CADCHF,2023-10-18 16:00:00+00:00,2023-10-26 08:00:00+00:00,-19.118749999999878,-35369.687499999774
CADCHF,2023-10-30 12:00:00+00:00,2023-10-30 20:00:00+00:00,5.121499999999946,9474.7749999999
CADCHF,2023-10-31 16:00:00+00:00,2023-10-31 16:00:00+00:00,-1.11517087269225,-2063.0661144806627
CADCHF,2023-11-01 00:00:00+00:00,2023-11-06 20:00:00+00:00,13.007500000000032,24063.87500000006
AUDCAD,2023-10-27 16:00:00+00:00,2023-11-07 04:00:00+00:00,-7.214999999999794,-7792.199999999777
CADCHF,2023-11-08 16:00:00+00:00,2023-11-10 04:00:00+00:00,8.00300000000015,14805.550000000276
AUDCAD,2023-11-09 20:00:00+00:00,2023-11-14 12:00:00+00:00,17.394999999999825,18786.599999999813
CADCHF,2023-11-14 16:00:00+00:00,2023-11-23 04:00:00+00:00,-17.10999999999987,-31653.499999999764
AUDCAD,2023-11-14 20:00:00+00:00,2023-11-24 12:00:00+00:00,-4.850249999999967,-5238.269999999964
CADCHF,2023-11-24 16:00:00+00:00,2023-11-24 16:00:00+00:00,5.333499999999825,9866.974999999677
CADCHF,2023-11-27 00:00:00+00:00,2023-11-27 08:00:00+00:00,3.081499999999904,5700.774999999823
CADCHF,2023-11-28 08:00:00+00:00,2023-11-28 20:00:00+00:00,12.831250000000043,23737.81250000008
AUDCAD,2023-11-28 16:00:00+00:00,2023-11-29 04:00:00+00:00,5.800500000000053,6264.540000000057
CADCHF,2023-11-29 20:00:00+00:00,2023-11-30 20:00:00+00:00,5.451999999999957,10086.19999999992
AUDCAD,2023-12-01 04:00:00+00:00,2023-12-01 16:00:00+00:00,3.9710000000001466,4288.6800000001585
AUDCAD,2023-12-05 04:00:00+00:00,2023-12-07 12:00:00+00:00,9.985624999999665,10784.474999999638
CADCHF,2023-12-08 16:00:00+00:00,2023-12-12 08:00:00+00:00,12.677500000000315,23453.375000000582
AUDCAD,2023-12-13 20:00:00+00:00,2023-12-15 12:00:00+00:00,33.956249999999855,36672.74999999984
CADCHF,2023-12-15 20:00:00+00:00,2023-12-18 20:00:00+00:00,3.6592499999999752,6769.612499999954
CADCHF,2023-12-27 16:00:00+00:00,2023-12-27 16:00:00+00:00,-2.8431234919524258,-5259.778460111987
CADCHF,2023-12-28 00:00:00+00:00,2023-12-28 00:00:00+00:00,-1.6806730973261406,-3109.24523005336
CADCHF,2023-12-28 08:00:00+00:00,2023-12-28 08:00:00+00:00,-3.229909547469628,-5975.3326628188115
AUDCAD,2023-12-28 00:00:00+00:00,2023-12-28 08:00:00+00:00,5.560500000000036,6005.340000000038
CADCHF,2023-12-28 16:00:00+00:00,2024-01-03 08:00:00+00:00,19.71124999999983,36465.81249999969
CADCHF,2024-01-08 16:00:00+00:00,2024-01-09 08:00:00+00:00,3.353499999999982,6203.974999999967
AUDCAD,2024-01-03 12:00:00+00:00,2024-01-11 00:00:00+00:00,5.5950000000004625,6042.6000000005
AUDCAD,2024-01-15 12:00:00+00:00,2024-01-16 00:00:00+00:00,-5.963098222985064,-6440.146080823869
CADCHF,2024-01-17 00:00:00+00:00,2024-01-17 12:00:00+00:00,-4.597414579771863,-8505.216972577946
AUDCAD,2024-01-16 08:00:00+00:00,2024-01-23 00:00:00+00:00,-19.707499999999765,-21284.099999999748
CADCHF,2024-01-17 20:00:00+00:00,2024-01-24 08:00:00+00:00,-5.567499999999863,-10299.874999999747
AUDCAD,2024-01-24 16:00:00+00:00,2024-01-25 20:00:00+00:00,7.342500000000207,7929.900000000223
CADCHF,2024-02-05 12:00:00+00:00,2024-02-05 20:00:00+00:00,3.75399999999998,6944.899999999963
AUDCAD,2024-01-31 04:00:00+00:00,2024-02-07 00:00:00+00:00,23.172499999999484,25026.299999999443
AUDCAD,2024-02-08 16:00:00+00:00,2024-02-09 16:00:00+00:00,8.882000000000012,9592.560000000012
CADCHF,2024-02-06 20:00:00+00:00,2024-02-15 12:00:00+00:00,-19.23820678394788,-35590.68255030358
AUDCAD,2024-02-16 20:00:00+00:00,2024-02-20 12:00:00+00:00,-14.693997632266687,-15869.517442848022
CADCHF,2024-02-21 12:00:00+00:00,2024-02-22 12:00:00+00:00,4.146499999999998,7671.024999999996
AUDCAD,2024-02-20 20:00:00+00:00,2024-02-26 12:00:00+00:00,3.3789999999999765,3649.3199999999747
AUDCAD,2024-02-28 16:00:00+00:00,2024-02-29 00:00:00+00:00,7.249500000000309,7829.460000000334
CADCHF,2024-02-28 00:00:00+00:00,2024-02-29 16:00:00+00:00,9.881250000000259,18280.31250000048
CADCHF,2024-03-11 08:00:00+00:00,2024-03-11 16:00:00+00:00,3.1090000000001954,5751.650000000362
AUDCAD,2024-03-06 16:00:00+00:00,2024-03-14 12:00:00+00:00,-11.89249999999997,-12843.899999999967
CADCHF,2024-03-14 16:00:00+00:00,2024-03-14 20:00:00+00:00,3.457500000000058,6396.375000000107
CADCHF,2024-03-18 16:00:00+00:00,2024-03-19 12:00:00+00:00,25.054451173214755,46350.734670447295
AUDCAD,2024-03-15 04:00:00+00:00,2024-03-20 20:00:00+00:00,28.485000000001314,30763.800000001418
CADCHF,2024-03-20 16:00:00+00:00,2024-03-21 08:00:00+00:00,-9.817725572045354,-18162.792308283904
CADCHF,2024-03-21 16:00:00+00:00,2024-03-31 20:00:00+00:00,7.671369116548589,14192.032865614889
AUDCAD,2024-03-28 12:00:00+00:00,2024-04-02 12:00:00+00:00,4.333499999999947,4680.179999999942
CADCHF,2024-04-04 08:00:00+00:00,2024-04-04 16:00:00+00:00,20.202499999999873,37374.62499999977
CADCHF,2024-04-05 16:00:00+00:00,2024-04-08 12:00:00+00:00,7.197999999999983,13316.299999999968
AUDCAD,2024-04-04 04:00:00+00:00,2024-04-10 12:00:00+00:00,-9.129999999999637,-9860.399999999607
CADCHF,2024-04-15 20:00:00+00:00,2024-04-19 00:00:00+00:00,-16.83440791551588,-31143.654643704376
AUDCAD,2024-04-16 04:00:00+00:00,2024-04-23 12:00:00+00:00,-1.224500000000006,-1322.4600000000064
CADCHF,2024-04-23 16:00:00+00:00,2024-04-29 16:00:00+00:00,0.0005000000000148219,0.9250000000274206
AUDCAD,2024-04-24 04:00:00+00:00,2024-04-30 20:00:00+00:00,-0.9224999999999813,-996.2999999999798
CADCHF,2024-05-02 08:00:00+00:00,2024-05-02 08:00:00+00:00,-1.7301055806938077,-3200.6953242835443
CADCHF,2024-05-03 08:00:00+00:00,2024-05-03 12:00:00+00:00,-10.546294813509242,-19510.645404992098
CADCHF,2024-05-03 20:00:00+00:00,2024-05-10 04:00:00+00:00,9.754999999999487,18046.74999999905
AUDCAD,2024-05-02 20:00:00+00:00,2024-05-10 12:00:00+00:00,2.4649999999996064,2662.199999999575
CADCHF,2024-05-13 20:00:00+00:00,2024-05-14 20:00:00+00:00,2.9045000000000325,5373.32500000006
AUDCAD,2024-05-15 04:00:00+00:00,2024-05-15 12:00:00+00:00,-4.940395902528305,-5335.62757473057
AUDCAD,2024-05-15 20:00:00+00:00,2024-05-21 00:00:00+00:00,36.18750000000004,39082.500000000044
CADCHF,2024-05-17 00:00:00+00:00,2024-05-23 16:00:00+00:00,-1.2124999999998654,-2243.124999999751
CADCHF,2024-05-30 00:00:00+00:00,2024-05-30 08:00:00+00:00,-17.928924170000524,-33168.50971450097
AUDCAD,2024-06-03 16:00:00+00:00,2024-06-07 12:00:00+00:00,16.102499999999242,17390.699999999182
CADCHF,2024-05-30 16:00:00+00:00,2024-06-11 12:00:00+00:00,-40.139119538168345,-74257.37114561144
AUDCAD,2024-06-12 16:00:00+00:00,2024-06-14 04:00:00+00:00,6.879749999999941,7430.129999999936
CADCHF,2024-06-13 16:00:00+00:00,2024-06-14 08:00:00+00:00,-3.164212101490371,-5853.792387757186
CADCHF,2024-06-14 16:00:00+00:00,2024-06-20 04:00:00+00:00,0.19749999999993495,365.37499999987966
AUDCAD,2024-07-01 16:00:00+00:00,2024-07-02 20:00:00+00:00,5.912500000000388,6385.500000000418
CADCHF,2024-07-01 00:00:00+00:00,2024-07-05 12:00:00+00:00,4.291249999999609,7938.812499999277
AUDCAD,2024-07-04 12:00:00+00:00,2024-07-16 08:00:00+00:00,-26.10000000000012,-28188.000000000127
CADCHF,2024-07-16 08:00:00+00:00,2024-07-17 12:00:00+00:00,-33.49681945961375,-61969.11600028543
CADCHF,2024-07-17 20:00:00+00:00,2024-07-29 16:00:00+00:00,-8.842425763246176,-16358.487662005426
AUDCAD,2024-07-22 04:00:00+00:00,2024-08-01 04:00:00+00:00,-29.800000000000093,-32184.000000000102
CADCHF,2024-08-01 16:00:00+00:00,2024-08-02 12:00:00+00:00,-38.6973430265474,-71590.08459911268
CADCHF,2024-08-02 20:00:00+00:00,2024-08-05 04:00:00+00:00,-59.94767270649129,-110903.19450700888
AUDCAD,2024-08-05 08:00:00+00:00,2024-08-07 00:00:00+00:00,44.16124999999981,47694.1499999998
CADCHF,2024-08-05 12:00:00+00:00,2024-08-07 08:00:00+00:00,14.77899999999996,27341.14999999993
AUDCAD,2024-08-13 20:00:00+00:00,2024-08-15 00:00:00+00:00,5.646000000000019,6097.68000000002
CADCHF,2024-08-15 16:00:00+00:00,2024-08-18 20:00:00+00:00,8.655499999999872,16012.674999999763
AUDCAD,2024-08-16 20:00:00+00:00,2024-08-22 12:00:00+00:00,-0.6144999999999844,-663.6599999999831
CADCHF,2024-08-20 20:00:00+00:00,2024-08-26 12:00:00+00:00,2.5840000000000867,4780.400000000161
CADCHF,2024-08-29 00:00:00+00:00,2024-08-29 08:00:00+00:00,3.9049999999999923,7224.249999999985
CADCHF,2024-08-30 12:00:00+00:00,2024-09-03 12:00:00+00:00,3.654499999999839,6760.8249999997015
CADCHF,2024-09-06 16:00:00+00:00,2024-09-11 12:00:00+00:00,6.933000000000023,12826.050000000043
AUDCAD,2024-09-03 16:00:00+00:00,2024-09-12 00:00:00+00:00,-4.766874999999892,-5148.224999999884
AUDCAD,2024-09-12 20:00:00+00:00,2024-09-24 16:00:00+00:00,-32.444999999999894,-35040.59999999988
CADCHF,2024-09-25 12:00:00+00:00,2024-09-27 04:00:00+00:00,7.915500000000131,14643.675000000243
CADCHF,2024-09-27 20:00:00+00:00,2024-10-01 12:00:00+00:00,24.333749999999796,45017.43749999962
AUDCAD,2024-09-26 16:00:00+00:00,2024-10-01 12:00:00+00:00,19.46625000000024,21023.55000000026
CADCHF,2024-10-04 16:00:00+00:00,2024-10-07 12:00:00+00:00,4.717249999999979,8726.91249999996
AUDCAD,2024-10-04 16:00:00+00:00,2024-10-10 12:00:00+00:00,0.9190500000001214,992.574000000131
CADCHF,2024-10-10 12:00:00+00:00,2024-10-15 16:00:00+00:00,7.1898749999994305,13301.268749998946
AUDCAD,2024-10-16 20:00:00+00:00,2024-10-17 12:00:00+00:00,7.38005000000006,7970.454000000065
CADCHF,2024-10-25 16:00:00+00:00,2024-10-29 12:00:00+00:00,6.519999999999833,12061.99999999969
AUDCAD,2024-10-29 04:00:00+00:00,2024-10-31 16:00:00+00:00,7.313999999999776,7899.119999999758
CADCHF,2024-10-31 16:00:00+00:00,2024-11-01 08:00:00+00:00,6.101499999999927,11287.774999999865
AUDCAD,2024-11-05 12:00:00+00:00,2024-11-06 00:00:00+00:00,8.251000000000408,8911.08000000044
CADCHF,2024-11-06 04:00:00+00:00,2024-11-06 08:00:00+00:00,-9.096016292873848,-16827.63014181662
AUDCAD,2024-11-07 12:00:00+00:00,2024-11-08 12:00:00+00:00,41.32875000000058,44635.05000000063
CADCHF,2024-11-06 16:00:00+00:00,2024-11-14 20:00:00+00:00,-7.2974999999999834,-13500.374999999969
CADCHF,2024-11-22 16:00:00+00:00,2024-11-25 20:00:00+00:00,41.648614825117114,77049.93742646665
AUDCAD,2024-11-26 04:00:00+00:00,2024-11-26 12:00:00+00:00,9.062500000000151,9787.500000000164
CADCHF,2024-12-05 16:00:00+00:00,2024-12-06 12:00:00+00:00,-20.70656900102155,-38307.15265188987
AUDCAD,2024-12-04 04:00:00+00:00,2024-12-09 04:00:00+00:00,28.164999999999996,30418.199999999993
CADCHF,2024-12-06 20:00:00+00:00,2024-12-11 12:00:00+00:00,33.95490674353402,62816.57747553793
CADCHF,2024-12-20 12:00:00+00:00,2024-12-23 16:00:00+00:00,6.142499999999885,11363.624999999787
AUDCAD,2024-12-18 20:00:00+00:00,2024-12-29 20:00:00+00:00,-10.062499999999861,-10867.49999999985
AUDCAD,2024-12-30 20:00:00+00:00,2025-01-02 08:00:00+00:00,10.52249999999999,11364.29999999999
CADCHF,2024-12-30 16:00:00+00:00,2025-01-05 20:00:00+00:00,18.3099999999998,33873.49999999963
CADCHF,2025-01-13 16:00:00+00:00,2025-01-15 12:00:00+00:00,5.329000000000084,9858.650000000156
AUDCAD,2025-01-10 16:00:00+00:00,2025-01-15 12:00:00+00:00,17.728750000000293,19147.050000000316
CADCHF,2025-01-19 20:00:00+00:00,2025-01-20 12:00:00+00:00,8.447999999999956,15628.79999999992
CADCHF,2025-01-21 04:00:00+00:00,2025-01-23 12:00:00+00:00,8.917499999999954,16497.374999999916
CADCHF,2025-01-27 12:00:00+00:00,2025-01-27 12:00:00+00:00,-0.4728935051075407,-874.8529844489502
AUDCAD,2025-01-17 20:00:00+00:00,2025-01-28 00:00:00+00:00,-10.146999999999728,-10958.759999999707
CADCHF,2025-01-27 20:00:00+00:00,2025-01-29 16:00:00+00:00,5.437999999999777,10060.299999999586
CADCHF,2025-02-03 00:00:00+00:00,2025-02-03 00:00:00+00:00,-1.3265232891708498,-2454.068084966072
CADCHF,2025-02-07 20:00:00+00:00,2025-02-13 08:00:00+00:00,1.4924999999999802,2761.124999999963
AUDCAD,2025-02-13 12:00:00+00:00,2025-02-14 08:00:00+00:00,5.912999999999791,6386.0399999997735
AUDCAD,2025-02-17 08:00:00+00:00,2025-02-24 12:00:00+00:00,-1.936500000000274,-2091.4200000002957
CADCHF,2025-02-21 20:00:00+00:00,2025-02-25 12:00:00+00:00,-31.644530546884678,-58542.381511736654
AUDCAD,2025-02-26 00:00:00+00:00,2025-02-26 12:00:00+00:00,7.133499999999859,7704.179999999848
AUDCAD,2025-02-27 20:00:00+00:00,2025-03-03 20:00:00+00:00,33.62000000000131,36309.60000000142
CADCHF,2025-02-25 20:00:00+00:00,2025-03-06 00:00:00+00:00,-11.460000000000163,-21201.000000000302
CADCHF,2025-03-07 16:00:00+00:00,2025-03-12 16:00:00+00:00,2.2262500000000687,4118.562500000127
AUDCAD,2025-03-17 20:00:00+00:00,2025-03-18 12:00:00+00:00,7.209499999999602,7786.259999999571
CADCHF,2025-03-24 16:00:00+00:00,2025-03-27 12:00:00+00:00,4.300499999999763,7955.924999999562
AUDCAD,2025-03-20 12:00:00+00:00,2025-03-27 12:00:00+00:00,-2.1868750000001986,-2361.8250000002145
AUDCAD,2025-03-31 12:00:00+00:00,2025-03-31 12:00:00+00:00,-5.94692724261785,-6422.681422027278
AUDCAD,2025-04-03 00:00:00+00:00,2025-04-04 00:00:00+00:00,-21.81632241690323,-23561.628210255487
AUDCAD,2025-04-04 08:00:00+00:00,2025-04-04 08:00:00+00:00,-5.110744074726692,-5519.603600704827
CADCHF,2025-04-03 12:00:00+00:00,2025-04-04 08:00:00+00:00,-49.718892746321515,-91979.9515806948
AUDCAD,2025-04-04 16:00:00+00:00,2025-04-04 16:00:00+00:00,-4.168351011455429,-4501.819092371863
CADCHF,2025-04-04 16:00:00+00:00,2025-04-09 16:00:00+00:00,16.466250000000002,30462.562500000004
AUDCAD,2025-04-06 20:00:00+00:00,2025-04-10 04:00:00+00:00,45.768124999999934,49429.57499999993
CADCHF,2025-04-11 04:00:00+00:00,2025-04-17 04:00:00+00:00,4.688249999999922,8673.262499999855
CADCHF,2025-04-21 08:00:00+00:00,2025-04-22 12:00:00+00:00,9.009999999999907,16668.49999999983
AUDCAD,2025-04-25 04:00:00+00:00,2025-04-25 12:00:00+00:00,4.809750000000035,5194.530000000038
CADCHF,2025-04-23 00:00:00+00:00,2025-04-28 16:00:00+00:00,6.528499999999882,12077.724999999782
CADCHF,2025-05-01 16:00:00+00:00,2025-05-02 08:00:00+00:00,6.632999999999834,12271.049999999692
AUDCAD,2025-05-05 04:00:00+00:00,2025-05-07 16:00:00+00:00,12.306249999999796,13290.74999999978
CADCHF,2025-05-08 12:00:00+00:00,2025-05-08 16:00:00+00:00,6.184499999999982,11441.324999999966
CADCHF,2025-05-12 08:00:00+00:00,2025-05-12 08:00:00+00:00,0.43026345097202423,795.9873842982448
AUDCAD,2025-05-13 08:00:00+00:00,2025-05-13 12:00:00+00:00,-4.8152497836283725,-5200.4697663186425
CADCHF,2025-05-12 16:00:00+00:00,2025-05-14 08:00:00+00:00,21.16875000000004,39162.18750000007
AUDCAD,2025-05-13 20:00:00+00:00,2025-05-15 12:00:00+00:00,17.056249999999885,18420.749999999876
CADCHF,2025-05-21 00:00:00+00:00,2025-05-22 12:00:00+00:00,23.300000000000182,43105.000000000335
AUDCAD,2025-05-22 16:00:00+00:00,2025-05-26 00:00:00+00:00,9.745999999999988,10525.679999999988
CADCHF,2025-05-27 16:00:00+00:00,2025-05-27 20:00:00+00:00,6.882999999999917,12733.549999999846
AUDCAD,2025-05-30 16:00:00+00:00,2025-06-02 12:00:00+00:00,26.439999999999905,28555.1999999999
AUDCAD,2025-06-09 08:00:00+00:00,2025-06-11 00:00:00+00:00,4.224000000000184,4561.920000000198
CADCHF,2025-06-12 04:00:00+00:00,2025-06-12 04:00:00+00:00,-3.344691616430639,-6187.679490396682
CADCHF,2025-06-12 12:00:00+00:00,2025-06-12 12:00:00+00:00,-2.5983348907708255,-4806.919547926027
CADCHF,2025-06-12 20:00:00+00:00,2025-06-13 00:00:00+00:00,-19.049732285675802,-35242.00472850024
AUDCAD,2025-06-13 04:00:00+00:00,2025-06-17 04:00:00+00:00,23.693750000000065,25589.25000000007
CADCHF,2025-06-23 12:00:00+00:00,2025-06-23 12:00:00+00:00,-5.80799346011368,-10744.787901210308
AUDCAD,2025-06-24 12:00:00+00:00,2025-07-02 12:00:00+00:00,-1.455749999999889,-1572.2099999998802
CADCHF,2025-06-23 20:00:00+00:00,2025-07-03 08:00:00+00:00,-25.51999999999979,-47211.999999999614
AUDCAD,2025-07-06 20:00:00+00:00,2025-07-08 04:00:00+00:00,19.236249999999732,20775.14999999971
CADCHF,2025-07-10 00:00:00+00:00,2025-07-10 12:00:00+00:00,6.63699999999995,12278.449999999908
AUDCAD,2025-07-10 16:00:00+00:00,2025-07-15 12:00:00+00:00,20.722499999999755,22380.299999999734
CADCHF,2025-07-16 12:00:00+00:00,2025-07-16 12:00:00+00:00,5.952499999999751,11012.12499999954
CADCHF,2025-07-16 20:00:00+00:00,2025-07-18 12:00:00+00:00,3.646500000000053,6746.025000000098
AUDCAD,2025-07-17 04:00:00+00:00,2025-07-18 12:00:00+00:00,12.485000000000035,13483.800000000037
AUDCAD,2025-07-23 20:00:00+00:00,2025-07-28 08:00:00+00:00,14.612499999999805,15781.499999999789
CADCHF,2025-07-25 16:00:00+00:00,2025-07-28 08:00:00+00:00,14.125287516194518,26131.78190495986
CADCHF,2025-07-29 08:00:00+00:00,2025-08-01 12:00:00+00:00,1.8894999999998223,3495.5749999996715
AUDCAD,2025-07-30 20:00:00+00:00,2025-08-06 00:00:00+00:00,5.113499999999949,5522.579999999944
CADCHF,2025-08-11 16:00:00+00:00,2025-08-12 08:00:00+00:00,4.708499999999949,8710.724999999906
AUDCAD,2025-08-07 08:00:00+00:00,2025-08-12 12:00:00+00:00,4.648500000000012,5020.380000000013
AUDCAD,2025-08-13 08:00:00+00:00,2025-08-14 12:00:00+00:00,8.206000000000113,8862.480000000121
CADCHF,2025-08-13 08:00:00+00:00,2025-08-18 12:00:00+00:00,3.410499999999928,6309.4249999998665
AUDCAD,2025-08-20 04:00:00+00:00,2025-08-22 12:00:00+00:00,6.1415000000002,6632.820000000215
CADCHF,2025-08-20 16:00:00+00:00,2025-08-25 20:00:00+00:00,10.686250000000426,19769.562500000786
CADCHF,2025-08-29 04:00:00+00:00,2025-08-29 12:00:00+00:00,3.6530000000000733,6758.050000000136
AUDCAD,2025-09-01 12:00:00+00:00,2025-09-02 04:00:00+00:00,12.727499999999226,13745.699999999164
CADCHF,2025-09-03 00:00:00+00:00,2025-09-03 08:00:00+00:00,3.2914999999999477,6089.274999999903
AUDCAD,2025-09-03 12:00:00+00:00,2025-09-04 20:00:00+00:00,14.991249999999347,16190.549999999295
CADCHF,2025-09-05 16:00:00+00:00,2025-09-05 16:00:00+00:00,3.1995762168456903,5919.216001164527
CADCHF,2025-09-07 20:00:00+00:00,2025-09-15 16:00:00+00:00,1.6312499999999464,3017.812499999901
AUDCAD,2025-09-05 16:00:00+00:00,2025-09-16 12:00:00+00:00,-45.383750000000276,-49014.450000000295
CADCHF,2025-09-16 16:00:00+00:00,2025-09-16 16:00:00+00:00,-1.7894462265609086,-3310.4755191376807
CADCHF,2025-09-17 00:00:00+00:00,2025-09-18 12:00:00+00:00,11.646250000000276,21545.56250000051
AUDCAD,2025-09-18 16:00:00+00:00,2025-09-24 00:00:00+00:00,4.309375000000115,4654.125000000124
CADCHF,2025-10-01 08:00:00+00:00,2025-10-01 08:00:00+00:00,2.811000000000064,5200.350000000119
AUDCAD,2025-09-30 08:00:00+00:00,2025-10-05 20:00:00+00:00,7.961250000000254,8598.150000000274
CADCHF,2025-10-02 12:00:00+00:00,2025-10-06 04:00:00+00:00,1.8705000000000531,3460.4250000000984
AUDCAD,2025-10-08 08:00:00+00:00,2025-10-09 04:00:00+00:00,7.953999999999751,8590.31999999973
CADCHF,2025-10-08 08:00:00+00:00,2025-10-10 12:00:00+00:00,8.768749999999853,16222.187499999729
AUDCAD,2025-10-10 16:00:00+00:00,2025-10-10 16:00:00+00:00,-0.6234993795867448,-673.3793299536844
AUDCAD,2025-10-12 20:00:00+00:00,2025-10-15 08:00:00+00:00,5.181500000000039,5596.020000000042
CADCHF,2025-10-15 16:00:00+00:00,2025-10-21 12:00:00+00:00,-0.43624999999960945,-807.0624999992775
CADCHF,2025-10-29 12:00:00+00:00,2025-10-29 16:00:00+00:00,-11.375154504171396,-21044.035832717083
AUDCAD,2025-10-27 12:00:00+00:00,2025-11-04 00:00:00+00:00,-0.7487499999997979,-808.6499999997817
CADCHF,2025-10-30 00:00:00+00:00,2025-11-05 00:00:00+00:00,2.4565000000000285,4544.525000000052
AUDCAD,2025-11-04 20:00:00+00:00,2025-11-05 12:00:00+00:00,5.497000000000042,5936.760000000045
CADCHF,2025-11-06 16:00:00+00:00,2025-11-06 20:00:00+00:00,-2.4284704222239935,-4492.670281114388
CADCHF,2025-11-07 04:00:00+00:00,2025-11-07 16:00:00+00:00,3.3074999999997416,6118.874999999522
AUDCAD,2025-11-06 16:00:00+00:00,2025-11-10 08:00:00+00:00,21.957499999999406,23714.09999999936
AUDCAD,2025-11-13 08:00:00+00:00,2025-11-13 16:00:00+00:00,8.567499999999795,9252.899999999778
CADCHF,2025-11-11 16:00:00+00:00,2025-11-13 16:00:00+00:00,-31.390922506616064,-58073.20663723972
CADCHF,2025-11-14 00:00:00+00:00,2025-11-18 12:00:00+00:00,21.718749999999538,40179.68749999915
AUDCAD,2025-11-17 20:00:00+00:00,2025-11-24 08:00:00+00:00,3.326250000000419,3592.350000000453
CADCHF,2025-11-28 16:00:00+00:00,2025-12-01 12:00:00+00:00,4.533500000000135,8386.97500000025
CADCHF,2025-12-05 12:00:00+00:00,2025-12-05 12:00:00+00:00,-3.88962088517758,-7195.798637578523
AUDCAD,2025-11-26 04:00:00+00:00,2025-12-05 16:00:00+00:00,2.2174999999999288,2394.8999999999232
CADCHF,2025-12-05 20:00:00+00:00,2025-12-05 20:00:00+00:00,-0.4525825490565012,-837.2777157545272
CADCHF,2025-12-08 00:00:00+00:00,2025-12-11 00:00:00+00:00,19.491249999999933,36058.812499999876
AUDCAD,2025-12-16 04:00:00+00:00,2025-12-22 00:00:00+00:00,-1.0210000000002049,-1102.6800000002213
CADCHF,2025-12-22 04:00:00+00:00,2025-12-24 12:00:00+00:00,1.2770000000001396,2362.450000000258
CADCHF,2025-12-25 20:00:00+00:00,2025-12-25 20:00:00+00:00,3.8634999999999646,7147.474999999935
AUDCAD,2025-12-23 12:00:00+00:00,2025-12-28 20:00:00+00:00,4.639000000000237,5010.120000000256
CADCHF,2025-12-30 16:00:00+00:00,2026-01-01 20:00:00+00:00,2.3004999999999836,4255.924999999969
AUDCAD,2025-12-31 16:00:00+00:00,2026-01-02 00:00:00+00:00,5.438499999999858,5873.579999999847
AUDCAD,2026-01-05 08:00:00+00:00,2026-01-05 16:00:00+00:00,-25.71004324768311,-27766.84670749776
CADCHF,2026-01-06 00:00:00+00:00,2026-01-06 16:00:00+00:00,9.739999999999721,18018.999999999483
CADCHF,2026-01-12 08:00:00+00:00,2026-01-13 12:00:00+00:00,3.0720000000001306,5683.200000000242
AUDCAD,2026-01-06 00:00:00+00:00,2026-01-13 12:00:00+00:00,-33.10249999999937,-35750.69999999931
CADCHF,2026-01-15 16:00:00+00:00,2026-01-18 20:00:00+00:00,3.870500000000277,7160.425000000512
AUDCAD,2026-01-20 08:00:00+00:00,2026-01-20 08:00:00+00:00,5.85349999999969,6321.779999999666
CADCHF,2026-01-20 12:00:00+00:00,2026-01-21 12:00:00+00:00,18.295000000000144,33845.75000000027
AUDCAD,2026-01-21 08:00:00+00:00,2026-01-22 00:00:00+00:00,-26.242639231990104,-28342.050370549314
CADCHF,2026-01-25 20:00:00+00:00,2026-01-25 20:00:00+00:00,-0.5429654870069687,-1004.486150962892
AUDCAD,2026-01-22 08:00:00+00:00,2026-01-29 12:00:00+00:00,-13.296250000000175,-14359.950000000188
CADCHF,2026-01-26 04:00:00+00:00,2026-01-30 04:00:00+00:00,4.493750000000283,8313.437500000524
AUDCAD,2026-02-03 04:00:00+00:00,2026-02-05 00:00:00+00:00,44.01749999999937,47538.899999999325
CADCHF,2026-02-09 12:00:00+00:00,2026-02-11 12:00:00+00:00,10.193750000000197,18858.437500000364
AUDCAD,2026-02-11 16:00:00+00:00,2026-02-15 20:00:00+00:00,6.298500000000074,6802.38000000008
CADCHF,2026-02-15 20:00:00+00:00,2026-02-17 16:00:00+00:00,4.287500000000167,7931.875000000308
AUDCAD,2026-02-20 16:00:00+00:00,2026-02-23 20:00:00+00:00,11.221249999999959,12118.949999999955
AUDCAD,2026-02-25 04:00:00+00:00,2026-03-01 20:00:00+00:00,6.335624999999734,6842.474999999713
CADCHF,2026-02-27 16:00:00+00:00,2026-03-01 20:00:00+00:00,-4.876602178273847,-9021.714029806617
CADCHF,2026-03-02 04:00:00+00:00,2026-03-02 04:00:00+00:00,4.123499999999892,7628.474999999799
CADCHF,2026-03-02 12:00:00+00:00,2026-03-02 12:00:00+00:00,-4.703981367838061,-8702.365530500412
CADCHF,2026-03-02 20:00:00+00:00,2026-03-03 04:00:00+00:00,-25.71748111260613,-47577.34005832134
AUDCAD,2026-03-03 12:00:00+00:00,2026-03-03 12:00:00+00:00,-6.766364490080523,-7307.673649286965
AUDCAD,2026-03-04 04:00:00+00:00,2026-03-09 20:00:00+00:00,23.009999999999973,24850.79999999997
CADCHF,2026-03-03 12:00:00+00:00,2026-03-10 08:00:00+00:00,4.230625000000141,7826.656250000261
CADCHF,2026-03-12 04:00:00+00:00,2026-03-15 20:00:00+00:00,2.7999999999998586,5179.999999999738
CADCHF,2026-03-19 12:00:00+00:00,2026-03-19 16:00:00+00:00,5.476500000000273,10131.525000000505
AUDCAD,2026-03-23 08:00:00+00:00,2026-03-23 12:00:00+00:00,11.1932499999998,12088.709999999784
CADCHF,2026-03-23 20:00:00+00:00,2026-03-24 12:00:00+00:00,1.6882500000000302,3123.2625000000558
AUDCAD,2026-04-01 12:00:00+00:00,2026-04-02 00:00:00+00:00,7.8812500000000405,8511.750000000044
CADCHF,2026-04-01 08:00:00+00:00,2026-04-02 00:00:00+00:00,22.70104167055981,41996.927090535646
AUDCAD,2026-04-07 20:00:00+00:00,2026-04-07 20:00:00+00:00,-16.021966089134132,-17303.72337626486
CADCHF,2026-04-08 00:00:00+00:00,2026-04-08 04:00:00+00:00,-4.938971948284465,-9137.09810432626
AUDCAD,2026-04-08 04:00:00+00:00,2026-04-12 20:00:00+00:00,18.316874999999676,19782.22499999965
CADCHF,2026-04-08 12:00:00+00:00,2026-04-16 04:00:00+00:00,1.834499999999906,3393.824999999826
AUDCAD,2026-04-16 04:00:00+00:00,2026-04-19 20:00:00+00:00,12.029500000000093,12991.8600000001
CADCHF,2026-04-22 20:00:00+00:00,2026-04-23 20:00:00+00:00,4.56300000000004,8441.550000000074
AUDCAD,2026-04-28 16:00:00+00:00,2026-04-29 12:00:00+00:00,18.471249999999717,19948.949999999695
CADCHF,2026-04-27 12:00:00+00:00,2026-04-30 08:00:00+00:00,12.250000000000068,22662.500000000124
AUDCAD,2026-04-29 20:00:00+00:00,2026-04-30 08:00:00+00:00,7.965500000000026,8602.740000000029
CADCHF,2026-05-06 12:00:00+00:00,2026-05-13 08:00:00+00:00,-3.954999999999736,-7316.749999999512
AUDCAD,2026-05-06 04:00:00+00:00,2026-05-14 20:00:00+00:00,-26.19999999999989,-28295.99999999988
CADCHF,2026-05-19 12:00:00+00:00,2026-05-20 20:00:00+00:00,11.032758191130977,20410.60265359231
AUDCAD,2026-05-15 12:00:00+00:00,2026-05-21 16:00:00+00:00,1.9440000000001239,2099.5200000001337
AUDCAD,2026-05-25 08:00:00+00:00,2026-05-28 00:00:00+00:00,7.8244999999998575,8450.459999999846
CADCHF,2026-05-22 16:00:00+00:00,2026-05-28 08:00:00+00:00,5.637500000000046,10429.375000000085
AUDCAD,2026-06-02 08:00:00+00:00,2026-06-03 20:00:00+00:00,7.528500000000005,8130.780000000005
AUDCAD,2026-06-05 16:00:00+00:00,2026-06-07 20:00:00+00:00,-52.37872189677817,-56569.01964852042
CADCHF,2026-06-05 16:00:00+00:00,2026-06-07 20:00:00+00:00,5.061999999999845,9364.699999999713
AUDCAD,2026-06-08 04:00:00+00:00,2026-06-11 16:00:00+00:00,2.062999999999882,2228.0399999998726
CADCHF,2026-06-08 04:00:00+00:00,2026-06-11 16:00:00+00:00,0.6524999999998897,1207.124999999796
AUDCAD,2026-06-23 08:00:00+00:00,2026-06-30 12:00:00+00:00,-18.469999999999985,-19947.599999999984
CADCHF,2026-06-29 12:00:00+00:00,2026-07-01 08:00:00+00:00,5.1449999999998175,9518.249999999662
CADCHF,2026-07-02 12:00:00+00:00,2026-07-02 12:00:00+00:00,-3.46371820107888,-6407.878671995928
CADCHF,2026-07-02 20:00:00+00:00,2026-07-07 08:00:00+00:00,1.8699999999999832,3459.499999999969
AUDCAD,2026-07-03 08:00:00+00:00,2026-07-07 20:00:00+00:00,10.020000000000362,10821.600000000391
CADCHF,2026-07-08 16:00:00+00:00,2026-07-09 20:00:00+00:00,6.084499999999993,11256.324999999988
AUDCAD,2026-07-13 20:00:00+00:00,2026-07-15 08:00:00+00:00,6.600500000000188,7128.540000000203
CADCHF,2026-07-13 16:00:00+00:00,2026-07-15 20:00:00+00:00,14.52874999999984,26878.187499999705
AUDCAD,2026-07-17 12:00:00+00:00,2026-07-17 20:00:00+00:00,-0.02000000000017508,-21.600000000189084
